model,routing,seed,E,N,NP,I,H,TOPK,kernel,kernel_ms,kernel_time_share_pct,gpu_util_pct,sm_throughput_pct,sm_active_pct,dram_throughput_pct,l2_throughput_pct,tensor_pipe_active_pct,achieved_occupancy_pct,tensor_inst,grid_size,block_size,registers_per_thread,dynamic_smem_bytes
kimi_k2,uniform,0x6a09e667,384,8,32,2048,7168,8,act_absmax,0.005920,0.4802,6.8500,0.3000,4.1700,1.2600,0.6200,0.0000,30.6800,0,14,256,16,0
kimi_k2,uniform,0x6a09e667,384,8,32,2048,7168,8,act_scale,0.002560,0.2076,14.3200,0.0200,0.1500,0.1200,1.1300,0.0000,20.9600,0,1,256,16,0
kimi_k2,uniform,0x6a09e667,384,8,32,2048,7168,8,route_pack,0.004096,0.3322,10.0100,8.8100,41.7000,0.2100,2.0300,0.0000,42.8700,0,384,256,39,0
kimi_k2,uniform,0x6a09e667,384,8,32,2048,7168,8,act_scatter,0.006112,0.4957,6.6500,10.0200,31.1200,1.3400,4.7000,0.0000,25.6800,0,224,256,30,0
kimi_k2,uniform,0x6a09e667,384,8,32,2048,7168,8,ff1,0.710880,57.6594,85.6300,11.5300,30.4700,85.6300,20.2900,5.4500,66.8400,3383296,384,1024,56,16512
kimi_k2,uniform,0x6a09e667,384,8,32,2048,7168,8,ff2,0.503328,40.8249,60.7000,12.5300,30.0600,60.7000,16.8000,7.9100,67.6500,3383296,384,1024,64,32768
kimi_k2,zipf,0xf43e9fde,384,8,32,2048,7168,8,act_absmax,0.006080,0.5283,6.6900,0.3000,4.1600,1.2300,0.6000,0.0000,31.4100,0,14,256,16,0
kimi_k2,zipf,0xf43e9fde,384,8,32,2048,7168,8,act_scale,0.002560,0.2224,14.2700,0.0200,0.1500,0.1200,1.1400,0.0000,20.6800,0,1,256,16,0
kimi_k2,zipf,0xf43e9fde,384,8,32,2048,7168,8,route_pack,0.004096,0.3559,9.9700,8.7200,41.2300,0.2100,1.9700,0.0000,42.8800,0,384,256,39,0
kimi_k2,zipf,0xf43e9fde,384,8,32,2048,7168,8,act_scatter,0.005984,0.5199,6.7800,9.8600,30.7100,1.3900,4.7600,0.0000,25.0200,0,224,256,30,0
kimi_k2,zipf,0xf43e9fde,384,8,32,2048,7168,8,ff1,0.627520,54.5252,73.6000,10.1300,23.4000,73.6000,17.5600,4.7800,66.8400,2580480,384,1024,56,16512
kimi_k2,zipf,0xf43e9fde,384,8,32,2048,7168,8,ff2,0.504640,43.8482,46.1800,9.6100,22.5700,46.1800,13.2800,6.0600,67.6300,2580480,384,1024,64,32768
kimi_k2,burst,0x56671515,384,8,32,2048,7168,8,act_absmax,0.005952,0.5439,6.8500,0.3000,4.1500,1.2700,0.6100,0.0000,30.5600,0,14,256,16,0
kimi_k2,burst,0x56671515,384,8,32,2048,7168,8,act_scale,0.002560,0.2339,14.2700,0.0200,0.1500,0.1200,1.1400,0.0000,20.6300,0,1,256,16,0
kimi_k2,burst,0x56671515,384,8,32,2048,7168,8,route_pack,0.004032,0.3684,10.1200,8.9000,42.0500,0.2200,1.9900,0.0000,42.9100,0,384,256,39,0
kimi_k2,burst,0x56671515,384,8,32,2048,7168,8,act_scatter,0.006208,0.5673,6.5500,9.9700,30.9200,1.3100,4.5300,0.0000,26.4800,0,224,256,30,0
kimi_k2,burst,0x56671515,384,8,32,2048,7168,8,ff1,0.583936,53.3583,62.1300,8.4600,18.2900,62.1300,14.7000,3.9900,67.2300,2007040,384,1024,56,16512
kimi_k2,burst,0x56671515,384,8,32,2048,7168,8,ff2,0.491680,44.9282,36.8700,7.5400,17.5400,36.8700,11.0800,4.7600,68.0300,2007040,384,1024,64,32768
kimi_k2,uniform,0xb0af8b4c,384,256,256,2048,7168,8,act_absmax,0.006624,0.0935,34.9300,9.2300,54.7600,34.9300,8.8700,0.0000,74.1600,0,448,256,16,0
kimi_k2,uniform,0xb0af8b4c,384,256,256,2048,7168,8,act_scale,0.003232,0.0456,12.7000,0.0200,0.1800,0.1400,0.9100,0.0000,28.1500,0,1,256,16,0
kimi_k2,uniform,0xb0af8b4c,384,256,256,2048,7168,8,route_pack,0.005280,0.0745,16.5100,12.6100,48.2200,0.3100,7.5300,0.0000,38.9000,0,384,256,39,0
kimi_k2,uniform,0xb0af8b4c,384,256,256,2048,7168,8,act_scatter,0.024672,0.3483,47.1200,64.3600,87.4700,34.6500,29.5700,0.0000,83.2200,0,1792,256,30,0
kimi_k2,uniform,0xb0af8b4c,384,256,256,2048,7168,8,ff1,4.533568,63.9956,87.1700,11.8200,89.6900,87.1700,21.1100,5.5700,67.5200,21962752,384,1024,56,16512
kimi_k2,uniform,0xb0af8b4c,384,256,256,2048,7168,8,ff2,2.510816,35.4425,79.0600,16.1400,83.0000,79.0600,32.4500,10.1100,65.4900,21962752,384,1024,64,32768
kimi_k2,zipf,0x12d40083,384,256,256,2048,7168,8,act_absmax,0.006272,0.0496,36.9500,9.2100,54.6700,36.9500,9.4400,0.0000,69.6200,0,448,256,16,0
kimi_k2,zipf,0x12d40083,384,256,256,2048,7168,8,act_scale,0.003424,0.0271,11.8000,0.0200,0.1800,0.1200,0.8500,0.0000,33.1400,0,1,256,16,0
kimi_k2,zipf,0x12d40083,384,256,256,2048,7168,8,route_pack,0.005376,0.0425,16.1700,12.2500,46.9800,0.3000,6.8200,0.0000,38.2900,0,384,256,39,0
kimi_k2,zipf,0x12d40083,384,256,256,2048,7168,8,act_scatter,0.024128,0.1909,47.5900,65.0000,88.3900,19.3300,30.0300,0.0000,82.9000,0,1792,256,30,0
kimi_k2,zipf,0x12d40083,384,256,256,2048,7168,8,ff1,7.821504,61.8843,42.5500,6.3800,39.2600,42.5500,10.3700,3.2000,67.5200,20815872,384,1024,56,16512
kimi_k2,zipf,0x12d40083,384,256,256,2048,7168,8,ff2,4.778208,37.8055,34.9500,7.4100,32.8300,34.9500,13.5300,4.6400,65.9000,18751488,384,1024,64,32768
kimi_k2,burst,0x7d1c86fa,384,256,256,2048,7168,8,act_absmax,0.006656,0.0813,34.8200,9.2300,54.6600,34.8200,8.8800,0.0000,74.4500,0,448,256,16,0
kimi_k2,burst,0x7d1c86fa,384,256,256,2048,7168,8,act_scale,0.003200,0.0391,12.6300,0.0200,0.1800,0.1400,0.9100,0.0000,28.4000,0,1,256,16,0
kimi_k2,burst,0x7d1c86fa,384,256,256,2048,7168,8,route_pack,0.005376,0.0657,16.0700,12.1400,48.4200,0.3000,6.5600,0.0000,39.3000,0,384,256,39,0
kimi_k2,burst,0x7d1c86fa,384,256,256,2048,7168,8,act_scatter,0.024160,0.2952,47.3700,64.7100,88.0000,23.2900,30.1200,0.0000,83.0300,0,1792,256,30,0
kimi_k2,burst,0x7d1c86fa,384,256,256,2048,7168,8,ff1,5.042016,61.5986,56.8400,8.4200,51.9200,56.8400,13.8100,4.1200,68.3400,17088512,384,1024,56,16512
kimi_k2,burst,0x7d1c86fa,384,256,256,2048,7168,8,ff2,3.103872,37.9202,46.2200,9.8200,43.0200,46.2200,19.7800,6.1500,66.1400,15998976,384,1024,64,32768
kimi_k2,uniform,0xdf453c31,384,512,512,2048,7168,8,act_absmax,0.008288,0.1142,56.0000,16.9200,55.1100,56.0000,14.3400,0.0000,180.8400,0,896,256,16,0
kimi_k2,uniform,0xdf453c31,384,512,512,2048,7168,8,act_scale,0.004032,0.0556,10.0900,0.0200,0.2400,0.1400,0.7300,0.0000,28.7900,0,1,256,16,0
kimi_k2,uniform,0xdf453c31,384,512,512,2048,7168,8,route_pack,0.007584,0.1045,22.2000,15.5900,60.0200,0.3200,9.1400,0.0000,37.2200,0,384,256,39,0
kimi_k2,uniform,0xdf453c31,384,512,512,2048,7168,8,act_scatter,0.043520,0.5997,51.4600,70.2900,91.6900,36.0000,33.1000,0.0000,90.2400,0,3584,256,30,0
kimi_k2,uniform,0xdf453c31,384,512,512,2048,7168,8,ff1,4.668384,64.3266,85.0700,11.8000,87.4700,85.0700,20.8700,5.6900,66.7100,23109632,384,1024,56,16512
kimi_k2,uniform,0xdf453c31,384,512,512,2048,7168,8,ff2,2.525504,34.7994,78.8600,16.2500,82.7000,78.8600,39.1300,10.1500,66.1800,22020096,384,1024,64,32768
kimi_k2,zipf,0x398db268,384,512,512,2048,7168,8,act_absmax,0.008160,0.0384,56.6000,16.8500,59.5000,56.6000,14.5400,0.0000,165.4900,0,896,256,16,0
kimi_k2,zipf,0x398db268,384,512,512,2048,7168,8,act_scale,0.004320,0.0203,9.4000,0.0200,0.2300,0.1200,0.6800,0.0000,34.2500,0,1,256,16,0
kimi_k2,zipf,0x398db268,384,512,512,2048,7168,8,route_pack,0.007776,0.0366,22.1900,15.3500,57.7800,0.3100,8.5700,0.0000,38.7000,0,384,256,39,0
kimi_k2,zipf,0x398db268,384,512,512,2048,7168,8,act_scatter,0.043424,0.2043,51.6300,70.5300,92.0400,24.1000,33.2000,0.0000,90.3700,0,3584,256,30,0
kimi_k2,zipf,0x398db268,384,512,512,2048,7168,8,ff1,12.925216,60.8213,31.9300,5.1000,31.6300,31.9300,7.9300,2.7100,67.2300,28901376,384,1024,56,16512
kimi_k2,zipf,0x398db268,384,512,512,2048,7168,8,ff2,8.262240,38.8791,24.8700,5.5200,25.7400,24.8700,11.3800,3.4500,66.3800,23453696,384,1024,64,32768
kimi_k2,burst,0x9bb22baf,384,512,512,2048,7168,8,act_absmax,0.008128,0.0660,57.1000,16.9200,55.8600,57.1000,14.6300,0.0000,175.0000,0,896,256,16,0
kimi_k2,burst,0x9bb22baf,384,512,512,2048,7168,8,act_scale,0.004320,0.0351,9.3400,0.0200,0.2300,0.1300,0.6700,0.0000,34.2700,0,1,256,16,0
kimi_k2,burst,0x9bb22baf,384,512,512,2048,7168,8,route_pack,0.007680,0.0624,21.7000,14.9500,57.8000,0.3100,8.5900,0.0000,37.8300,0,384,256,39,0
kimi_k2,burst,0x9bb22baf,384,512,512,2048,7168,8,act_scatter,0.043552,0.3538,51.6500,70.5400,92.0600,30.1400,33.1100,0.0000,90.0500,0,3584,256,30,0
kimi_k2,burst,0x9bb22baf,384,512,512,2048,7168,8,ff1,7.710944,62.6360,49.0800,7.8200,50.8900,49.0800,12.1500,4.1800,67.2300,26435584,384,1024,56,16512
kimi_k2,burst,0x9bb22baf,384,512,512,2048,7168,8,ff2,4.536096,36.8467,41.8700,9.0500,43.9400,41.8700,20.5200,5.6500,66.3500,21274624,384,1024,64,32768
qwen3_30b_a3b,uniform,0xe5faa1e6,128,8,32,768,2048,8,act_absmax,0.006016,3.8134,6.7500,0.0900,1.1800,0.3800,0.5000,0.0000,31.5200,0,4,256,16,0
qwen3_30b_a3b,uniform,0xe5faa1e6,128,8,32,768,2048,8,act_scale,0.002656,1.6836,14.6400,0.0100,0.1500,0.1200,1.1000,0.0000,22.4600,0,1,256,16,0
qwen3_30b_a3b,uniform,0xe5faa1e6,128,8,32,768,2048,8,route_pack,0.003872,2.4544,10.4700,3.1100,28.4200,0.2200,1.4100,0.0000,21.3400,0,128,256,39,0
qwen3_30b_a3b,uniform,0xe5faa1e6,128,8,32,768,2048,8,act_scatter,0.005280,3.3469,7.7000,3.2900,11.4900,0.5600,2.0900,0.0000,21.3500,0,64,256,30,0
qwen3_30b_a3b,uniform,0xe5faa1e6,128,8,32,768,2048,8,ff1,0.076320,48.3773,51.2200,9.9100,24.5200,51.2200,16.9700,4.1500,60.3800,301056,128,1024,56,16512
qwen3_30b_a3b,uniform,0xe5faa1e6,128,8,32,768,2048,8,ff2,0.063616,40.3245,42.8600,9.7300,24.1000,42.8600,12.2700,5.8200,71.4500,301056,128,1024,64,32768
qwen3_30b_a3b,zipf,0x4423275d,128,8,32,768,2048,8,act_absmax,0.005984,3.8628,6.7500,0.0900,1.1800,0.3800,0.5000,0.0000,32.1700,0,4,256,16,0
qwen3_30b_a3b,zipf,0x4423275d,128,8,32,768,2048,8,act_scale,0.002656,1.7145,14.7200,0.0200,0.1500,0.1200,1.1200,0.0000,22.5800,0,1,256,16,0
qwen3_30b_a3b,zipf,0x4423275d,128,8,32,768,2048,8,route_pack,0.004160,2.6854,9.7100,2.9500,26.9000,0.2100,1.2900,0.0000,22.4100,0,128,256,39,0
qwen3_30b_a3b,zipf,0x4423275d,128,8,32,768,2048,8,act_scatter,0.005312,3.4290,7.6300,3.3100,11.5300,0.5500,2.0600,0.0000,21.7400,0,64,256,30,0
qwen3_30b_a3b,zipf,0x4423275d,128,8,32,768,2048,8,ff1,0.072224,46.6226,44.4400,8.6900,19.8300,44.4400,14.2700,3.6300,63.5700,239616,128,1024,56,16512
qwen3_30b_a3b,zipf,0x4423275d,128,8,32,768,2048,8,ff2,0.064576,41.6856,33.6600,7.8800,19.4300,33.6600,10.0000,4.7100,71.6800,239616,128,1024,64,32768
qwen3_30b_a3b,burst,0xa66bdc94,128,8,32,768,2048,8,act_absmax,0.006016,3.9772,6.7000,0.0900,1.1800,0.3800,0.4900,0.0000,31.7800,0,4,256,16,0
qwen3_30b_a3b,burst,0xa66bdc94,128,8,32,768,2048,8,act_scale,0.002560,1.6924,14.3600,0.0200,0.1500,0.1300,1.1400,0.0000,20.5300,0,1,256,16,0
qwen3_30b_a3b,burst,0xa66bdc94,128,8,32,768,2048,8,route_pack,0.004032,2.6655,10.1100,2.8900,26.2400,0.2100,1.3300,0.0000,21.3500,0,128,256,39,0
qwen3_30b_a3b,burst,0xa66bdc94,128,8,32,768,2048,8,act_scatter,0.005248,3.4694,7.6900,3.3000,11.5100,0.5600,2.0500,0.0000,21.4200,0,64,256,30,0
qwen3_30b_a3b,burst,0xa66bdc94,128,8,32,768,2048,8,ff1,0.071008,46.9431,41.8600,7.8500,17.2500,41.8600,12.6500,3.2700,65.6700,208896,128,1024,56,16512
qwen3_30b_a3b,burst,0xa66bdc94,128,8,32,768,2048,8,ff2,0.062400,41.2524,30.3300,6.8200,16.8300,30.3300,9.2400,4.0800,71.5300,208896,128,1024,64,32768
qwen3_30b_a3b,uniform,0x009052cb,128,256,256,768,2048,8,act_absmax,0.006048,2.3040,11.0200,2.7600,36.6200,11.0200,2.8100,0.0000,30.7300,0,128,256,16,0
qwen3_30b_a3b,uniform,0x009052cb,128,256,256,768,2048,8,act_scale,0.002624,0.9996,14.4800,0.0200,0.1500,0.1400,1.1200,0.0000,22.2900,0,1,256,16,0
qwen3_30b_a3b,uniform,0x009052cb,128,256,256,768,2048,8,route_pack,0.004992,1.9017,8.1800,4.8200,33.8900,0.3200,4.4000,0.0000,20.1300,0,128,256,39,0
qwen3_30b_a3b,uniform,0x009052cb,128,256,256,768,2048,8,act_scatter,0.010112,3.8522,32.8900,44.9300,75.4100,6.6800,21.2200,0.0000,47.5500,0,512,256,30,0
qwen3_30b_a3b,uniform,0x009052cb,128,256,256,768,2048,8,ff1,0.143680,54.7361,74.2800,15.7900,63.6900,74.2800,24.1900,7.8800,51.1000,1148928,128,1024,56,16512
qwen3_30b_a3b,uniform,0x009052cb,128,256,256,768,2048,8,ff2,0.095040,36.2063,75.4800,19.8000,61.4400,75.4800,43.0800,10.1600,70.2000,786432,128,1024,64,32768
qwen3_30b_a3b,zipf,0x62d8c802,128,256,256,768,2048,8,act_absmax,0.006016,0.4431,11.0900,2.7600,36.7400,11.0900,2.8200,0.0000,30.8600,0,128,256,16,0
qwen3_30b_a3b,zipf,0x62d8c802,128,256,256,768,2048,8,act_scale,0.002624,0.1933,14.5100,0.0200,0.1500,0.1300,1.1100,0.0000,22.6500,0,1,256,16,0
qwen3_30b_a3b,zipf,0x62d8c802,128,256,256,768,2048,8,route_pack,0.005184,0.3819,7.8200,4.5000,30.6700,0.3100,4.1100,0.0000,20.4900,0,128,256,39,0
qwen3_30b_a3b,zipf,0x62d8c802,128,256,256,768,2048,8,act_scatter,0.010432,0.7684,32.9000,44.9400,75.4000,6.6800,20.5900,0.0000,49.2400,0,512,256,30,0
qwen3_30b_a3b,zipf,0x62d8c802,128,256,256,768,2048,8,ff1,0.735680,54.1897,15.4800,4.7800,17.8300,15.4800,5.7300,2.2800,54.6700,1271808,128,1024,56,16512
qwen3_30b_a3b,zipf,0x62d8c802,128,256,256,768,2048,8,ff2,0.597664,44.0236,13.5300,4.1300,12.3800,13.5300,7.5900,2.2100,70.9000,964608,128,1024,64,32768
qwen3_30b_a3b,burst,0xcd014e79,128,256,256,768,2048,8,act_absmax,0.006016,0.7001,11.0200,2.7500,36.6200,11.0200,2.8000,0.0000,30.6800,0,128,256,16,0
qwen3_30b_a3b,burst,0xcd014e79,128,256,256,768,2048,8,act_scale,0.002592,0.3017,14.5300,0.0200,0.1500,0.1400,1.1200,0.0000,22.3900,0,1,256,16,0
qwen3_30b_a3b,burst,0xcd014e79,128,256,256,768,2048,8,route_pack,0.005120,0.5959,7.9400,4.5800,33.9400,0.3200,4.1600,0.0000,20.1700,0,128,256,39,0
qwen3_30b_a3b,burst,0xcd014e79,128,256,256,768,2048,8,act_scatter,0.010208,1.1880,32.8200,44.8300,75.3100,6.7000,21.0900,0.0000,47.8900,0,512,256,30,0
qwen3_30b_a3b,burst,0xcd014e79,128,256,256,768,2048,8,ff1,0.464192,54.0220,23.8600,6.5400,25.3800,23.8600,8.0300,3.2200,52.7600,1198080,128,1024,56,16512
qwen3_30b_a3b,burst,0xcd014e79,128,256,256,768,2048,8,ff2,0.371136,43.1923,20.1300,5.7800,17.4800,20.1300,11.6800,3.0100,70.1900,847872,128,1024,64,32768
qwen3_30b_a3b,uniform,0x2f49c7b0,128,512,512,768,2048,8,act_absmax,0.005952,1.3972,22.2600,5.3800,54.0600,22.2600,5.6800,0.0000,40.1000,0,256,256,16,0
qwen3_30b_a3b,uniform,0x2f49c7b0,128,512,512,768,2048,8,act_scale,0.002624,0.6160,14.5100,0.0200,0.1500,0.1400,1.1200,0.0000,21.5700,0,1,256,16,0
qwen3_30b_a3b,uniform,0x2f49c7b0,128,512,512,768,2048,8,route_pack,0.007072,1.6602,8.4300,6.0600,41.3500,0.3400,5.8800,0.0000,20.0400,0,128,256,39,0
qwen3_30b_a3b,uniform,0x2f49c7b0,128,512,512,768,2048,8,act_scatter,0.015808,3.7109,39.9900,54.6200,78.2500,8.5100,26.9600,0.0000,76.2900,0,1024,256,30,0
qwen3_30b_a3b,uniform,0x2f49c7b0,128,512,512,768,2048,8,ff1,0.227264,53.3504,75.4100,16.3800,53.6400,75.4100,22.2900,8.7200,57.3700,1923072,128,1024,56,16512
qwen3_30b_a3b,uniform,0x2f49c7b0,128,512,512,768,2048,8,ff2,0.167264,39.2653,62.0900,17.7200,48.9300,62.0900,40.2000,8.4800,71.5900,1136640,128,1024,64,32768
qwen3_30b_a3b,zipf,0x897e7df7,128,512,512,768,2048,8,act_absmax,0.006272,0.2446,21.1900,5.1900,52.1600,21.1900,5.3900,0.0000,42.3700,0,256,256,16,0
qwen3_30b_a3b,zipf,0x897e7df7,128,512,512,768,2048,8,act_scale,0.002656,0.1036,14.6200,0.0200,0.1500,0.1400,1.1000,0.0000,22.4400,0,1,256,16,0
qwen3_30b_a3b,zipf,0x897e7df7,128,512,512,768,2048,8,route_pack,0.007168,0.2795,8.1200,5.7200,36.7500,0.3300,5.7300,0.0000,20.1200,0,128,256,39,0
qwen3_30b_a3b,zipf,0x897e7df7,128,512,512,768,2048,8,act_scatter,0.015744,0.6140,40.1200,54.7900,78.5100,8.9600,27.0700,0.0000,75.7500,0,1024,256,30,0
qwen3_30b_a3b,zipf,0x897e7df7,128,512,512,768,2048,8,ff1,1.397088,54.4832,9.4900,3.6900,11.1100,9.4900,4.0400,1.8800,58.4000,1953792,128,1024,56,16512
qwen3_30b_a3b,zipf,0x897e7df7,128,512,512,768,2048,8,ff2,1.135328,44.2751,8.7200,3.1900,8.4900,8.7200,6.2800,1.5800,73.0300,1277952,128,1024,64,32768
qwen3_30b_a3b,burst,0xeba6f32e,128,512,512,768,2048,8,act_absmax,0.006080,0.4841,21.8500,5.4000,54.2400,21.8500,5.5500,0.0000,40.8100,0,256,256,16,0
qwen3_30b_a3b,burst,0xeba6f32e,128,512,512,768,2048,8,act_scale,0.002656,0.2115,14.6400,0.0200,0.1500,0.1400,1.1100,0.0000,22.1600,0,1,256,16,0
qwen3_30b_a3b,burst,0xeba6f32e,128,512,512,768,2048,8,route_pack,0.007136,0.5682,7.8500,5.5000,39.3400,0.3400,5.7500,0.0000,19.3000,0,128,256,39,0
qwen3_30b_a3b,burst,0xeba6f32e,128,512,512,768,2048,8,act_scatter,0.015680,1.2484,40.2300,54.9500,78.7500,8.7200,27.0300,0.0000,75.2000,0,1024,256,30,0
qwen3_30b_a3b,burst,0xeba6f32e,128,512,512,768,2048,8,ff1,0.679712,54.1172,22.1900,6.8500,20.9200,22.1900,7.4200,3.6500,57.5200,1929216,128,1024,56,16512
qwen3_30b_a3b,burst,0xeba6f32e,128,512,512,768,2048,8,ff2,0.544736,43.3707,18.1400,6.0800,16.4400,18.1400,12.4700,2.9100,72.5000,1136640,128,1024,64,32768
qwen3_235b_a22b,uniform,0x75ef6965,128,8,32,1536,4096,8,act_absmax,0.005952,1.1200,6.8000,0.1800,2.3900,0.7500,0.5400,0.0000,30.8700,0,8,256,16,0
qwen3_235b_a22b,uniform,0x75ef6965,128,8,32,1536,4096,8,act_scale,0.002560,0.4817,14.3000,0.0200,0.1500,0.1300,1.1300,0.0000,20.9200,0,1,256,16,0
qwen3_235b_a22b,uniform,0x75ef6965,128,8,32,1536,4096,8,route_pack,0.004000,0.7527,10.1600,3.0500,27.8300,0.2200,1.3600,0.0000,21.6700,0,128,256,39,0
qwen3_235b_a22b,uniform,0x75ef6965,128,8,32,1536,4096,8,act_scatter,0.005408,1.0176,7.4900,6.4600,22.7700,0.9200,3.3800,0.0000,22.2900,0,128,256,30,0
qwen3_235b_a22b,uniform,0x75ef6965,128,8,32,1536,4096,8,ff1,0.289280,54.4349,74.6300,10.5900,26.3100,74.6300,18.5300,4.8500,64.9600,1253376,128,1024,56,16512
qwen3_235b_a22b,uniform,0x75ef6965,128,8,32,1536,4096,8,ff2,0.224224,42.1931,50.5100,10.8200,25.9100,50.5100,14.2400,6.7600,68.7600,1253376,128,1024,64,32768
qwen3_235b_a22b,zipf,0xd417eedc,128,8,32,1536,4096,8,act_absmax,0.005952,1.1722,6.8200,0.1800,2.3900,0.7500,0.5400,0.0000,31.5100,0,8,256,16,0
qwen3_235b_a22b,zipf,0xd417eedc,128,8,32,1536,4096,8,act_scale,0.002560,0.5042,14.3700,0.0200,0.1500,0.1300,1.1300,0.0000,20.9800,0,1,256,16,0
qwen3_235b_a22b,zipf,0xd417eedc,128,8,32,1536,4096,8,route_pack,0.004128,0.8130,9.7800,2.9900,27.2900,0.2100,1.3000,0.0000,21.2800,0,128,256,39,0
qwen3_235b_a22b,zipf,0xd417eedc,128,8,32,1536,4096,8,act_scatter,0.005408,1.0651,7.5500,6.4700,22.7900,0.9300,3.3500,0.0000,21.6900,0,128,256,30,0
qwen3_235b_a22b,zipf,0xd417eedc,128,8,32,1536,4096,8,ff1,0.262848,51.7678,58.1200,8.8100,19.6100,58.1200,15.2100,4.0300,65.5400,933888,128,1024,56,16512
qwen3_235b_a22b,zipf,0xd417eedc,128,8,32,1536,4096,8,ff2,0.226848,44.6776,37.2100,7.9200,18.7200,37.2100,11.0100,4.9400,69.1200,933888,128,1024,64,32768
qwen3_235b_a22b,burst,0x365c6413,128,8,32,1536,4096,8,act_absmax,0.005984,1.1918,6.7400,0.1800,2.3900,0.7400,0.5400,0.0000,31.1600,0,8,256,16,0
qwen3_235b_a22b,burst,0x365c6413,128,8,32,1536,4096,8,act_scale,0.002752,0.5481,14.9000,0.0200,0.1500,0.1100,1.0800,0.0000,24.9700,0,1,256,16,0
qwen3_235b_a22b,burst,0x365c6413,128,8,32,1536,4096,8,route_pack,0.004064,0.8094,10.0000,3.0300,27.4400,0.2200,1.3200,0.0000,21.4100,0,128,256,39,0
qwen3_235b_a22b,burst,0x365c6413,128,8,32,1536,4096,8,act_scatter,0.005376,1.0707,7.5500,6.4500,22.7300,0.9300,3.3300,0.0000,21.2600,0,128,256,30,0
qwen3_235b_a22b,burst,0x365c6413,128,8,32,1536,4096,8,ff1,0.260640,51.9087,54.6500,7.8400,17.1100,54.6500,13.3300,3.5800,66.9400,811008,128,1024,56,16512
qwen3_235b_a22b,burst,0x365c6413,128,8,32,1536,4096,8,ff2,0.223296,44.4714,32.9000,6.9700,16.6000,32.9000,10.0000,4.3500,68.9200,811008,128,1024,64,32768
qwen3_235b_a22b,uniform,0x90851a4a,128,256,256,1536,4096,8,act_absmax,0.006336,0.6432,20.9300,5.3800,53.1000,20.9300,5.3200,0.0000,43.6200,0,256,256,16,0
qwen3_235b_a22b,uniform,0x90851a4a,128,256,256,1536,4096,8,act_scale,0.002656,0.2696,14.6900,0.0200,0.1500,0.1400,1.1000,0.0000,22.2500,0,1,256,16,0
qwen3_235b_a22b,uniform,0x90851a4a,128,256,256,1536,4096,8,route_pack,0.005120,0.5198,7.9500,4.7600,33.5800,0.3200,4.3000,0.0000,20.7000,0,128,256,39,0
qwen3_235b_a22b,uniform,0x90851a4a,128,256,256,1536,4096,8,act_scatter,0.015712,1.5950,40.3000,55.0400,78.4900,8.8200,26.8100,0.0000,75.4700,0,1024,256,30,0
qwen3_235b_a22b,uniform,0x90851a4a,128,256,256,1536,4096,8,ff1,0.624160,63.3629,86.0800,14.7300,64.6100,86.0800,22.3600,8.0900,63.0900,4472832,128,1024,56,16512
qwen3_235b_a22b,uniform,0x90851a4a,128,256,256,1536,4096,8,ff2,0.331072,33.6095,86.1900,18.7400,65.1800,86.1900,47.4700,11.4700,67.7600,3145728,128,1024,64,32768
qwen3_235b_a22b,zipf,0xf2cd9381,128,256,256,1536,4096,8,act_absmax,0.006016,0.1296,22.0000,5.3800,52.8900,22.0000,5.6300,0.0000,41.6200,0,256,256,16,0
qwen3_235b_a22b,zipf,0xf2cd9381,128,256,256,1536,4096,8,act_scale,0.002688,0.0579,14.6700,0.0200,0.1500,0.1400,1.1000,0.0000,22.4700,0,1,256,16,0
qwen3_235b_a22b,zipf,0xf2cd9381,128,256,256,1536,4096,8,route_pack,0.005056,0.1089,8.0700,4.5500,31.0100,0.3200,4.2500,0.0000,20.4600,0,128,256,39,0
qwen3_235b_a22b,zipf,0xf2cd9381,128,256,256,1536,4096,8,act_scatter,0.015776,0.3398,40.3000,55.0400,78.5000,9.4000,26.7100,0.0000,76.2100,0,1024,256,30,0
qwen3_235b_a22b,zipf,0xf2cd9381,128,256,256,1536,4096,8,ff1,2.695968,58.0763,22.4600,4.3600,17.8200,22.4600,6.3300,2.2800,63.1700,5013504,128,1024,56,16512
qwen3_235b_a22b,zipf,0xf2cd9381,128,256,256,1536,4096,8,ff2,1.916608,41.2874,17.2200,4.1500,13.6700,17.2200,9.2400,2.5700,68.1300,3883008,128,1024,64,32768
qwen3_235b_a22b,burst,0x5cf209f8,128,256,256,1536,4096,8,act_absmax,0.006304,0.2414,20.9100,5.3700,52.7700,20.9100,5.3300,0.0000,43.7900,0,256,256,16,0
qwen3_235b_a22b,burst,0x5cf209f8,128,256,256,1536,4096,8,act_scale,0.002656,0.1017,14.6700,0.0200,0.1500,0.1500,1.1000,0.0000,22.5600,0,1,256,16,0
qwen3_235b_a22b,burst,0x5cf209f8,128,256,256,1536,4096,8,route_pack,0.005280,0.2021,7.6900,4.5300,33.7200,0.3100,4.0300,0.0000,20.5100,0,128,256,39,0
qwen3_235b_a22b,burst,0x5cf209f8,128,256,256,1536,4096,8,act_scatter,0.015616,0.5979,41.0900,56.1200,80.0400,8.9300,26.9000,0.0000,75.5800,0,1024,256,30,0
qwen3_235b_a22b,burst,0x5cf209f8,128,256,256,1536,4096,8,ff1,1.570848,60.1404,37.6000,6.6700,28.1300,37.6000,9.8200,3.5000,62.6800,4571136,128,1024,56,16512
qwen3_235b_a22b,burst,0x5cf209f8,128,256,256,1536,4096,8,ff2,1.011264,38.7166,30.9800,6.7900,22.7600,30.9800,16.7200,4.2000,67.8500,3489792,128,1024,64,32768
qwen3_235b_a22b,uniform,0xbf3a8f3f,128,512,512,1536,4096,8,act_absmax,0.006624,0.4377,40.0400,10.4400,54.8300,40.0400,10.3800,0.0000,84.0900,0,512,256,16,0
qwen3_235b_a22b,uniform,0xbf3a8f3f,128,512,512,1536,4096,8,act_scale,0.003168,0.2094,12.9100,0.0200,0.1800,0.1400,0.9200,0.0000,27.7000,0,1,256,16,0
qwen3_235b_a22b,uniform,0xbf3a8f3f,128,512,512,1536,4096,8,route_pack,0.007072,0.4673,8.5500,6.1500,41.9300,0.3400,5.9600,0.0000,20.0600,0,128,256,39,0
qwen3_235b_a22b,uniform,0xbf3a8f3f,128,512,512,1536,4096,8,act_scatter,0.025856,1.7087,49.2100,67.2200,90.4100,12.0200,32.6700,0.0000,84.7700,0,2048,256,30,0
qwen3_235b_a22b,uniform,0xbf3a8f3f,128,512,512,1536,4096,8,ff1,0.905696,59.8524,87.1000,15.9400,54.7400,87.1000,22.5500,9.5300,64.0600,7667712,128,1024,56,16512
qwen3_235b_a22b,uniform,0xbf3a8f3f,128,512,512,1536,4096,8,ff2,0.564800,37.3245,72.7000,16.2900,50.1800,72.7000,45.9800,9.5300,68.6900,4521984,128,1024,64,32768
qwen3_235b_a22b,zipf,0x19630576,128,512,512,1536,4096,8,act_absmax,0.006656,0.0729,39.8900,10.5000,54.9500,39.8900,10.1900,0.0000,85.3700,0,512,256,16,0
qwen3_235b_a22b,zipf,0x19630576,128,512,512,1536,4096,8,act_scale,0.003136,0.0343,12.9000,0.0200,0.1800,0.1400,0.9300,0.0000,27.0500,0,1,256,16,0
qwen3_235b_a22b,zipf,0x19630576,128,512,512,1536,4096,8,route_pack,0.007424,0.0813,7.7600,5.4700,35.3200,0.3200,5.5300,0.0000,19.5300,0,128,256,39,0
qwen3_235b_a22b,zipf,0x19630576,128,512,512,1536,4096,8,act_scatter,0.025728,0.2817,49.5800,67.7200,91.0500,12.4700,32.5200,0.0000,84.9700,0,2048,256,30,0
qwen3_235b_a22b,zipf,0x19630576,128,512,512,1536,4096,8,ff1,5.297920,58.0070,14.1200,3.2000,10.7600,14.1200,4.2400,1.8400,64.4100,7839744,128,1024,56,16512
qwen3_235b_a22b,zipf,0x19630576,128,512,512,1536,4096,8,ff2,3.792384,41.5228,10.9700,2.8500,8.6100,10.9700,7.2500,1.7000,69.2600,5038080,128,1024,64,32768
qwen3_235b_a22b,burst,0x7babbaad,128,512,512,1536,4096,8,act_absmax,0.007008,0.1469,37.6600,10.2700,54.2600,37.6600,9.6300,0.0000,86.7100,0,512,256,16,0
qwen3_235b_a22b,burst,0x7babbaad,128,512,512,1536,4096,8,act_scale,0.003168,0.0664,12.9300,0.0200,0.1800,0.1400,0.9300,0.0000,27.1200,0,1,256,16,0
qwen3_235b_a22b,burst,0x7babbaad,128,512,512,1536,4096,8,route_pack,0.007008,0.1469,7.9600,5.5800,39.9100,0.3400,5.8400,0.0000,19.0600,0,128,256,39,0
qwen3_235b_a22b,burst,0x7babbaad,128,512,512,1536,4096,8,act_scatter,0.026080,0.5468,49.7900,68.0000,91.4500,12.3800,32.0100,0.0000,86.5000,0,2048,256,30,0
qwen3_235b_a22b,burst,0x7babbaad,128,512,512,1536,4096,8,ff1,2.767744,58.0269,28.0800,5.7300,19.1500,28.0800,7.5000,3.4100,63.6800,7790592,128,1024,56,16512
qwen3_235b_a22b,burst,0x7babbaad,128,512,512,1536,4096,8,ff2,1.958752,41.0660,20.9000,5.0900,15.5300,20.9000,13.3900,2.9900,68.7000,4644864,128,1024,64,32768
minimax_m2,uniform,0xc5d030e4,256,8,32,1536,3072,8,act_absmax,0.006144,1.4117,6.6600,0.1300,1.7500,0.5400,0.5200,0.0000,32.2800,0,6,256,16,0
minimax_m2,uniform,0xc5d030e4,256,8,32,1536,3072,8,act_scale,0.002656,0.6102,14.6200,0.0200,0.1700,0.1200,1.1000,0.0000,20.1800,0,1,256,16,0
minimax_m2,uniform,0xc5d030e4,256,8,32,1536,3072,8,route_pack,0.004064,0.9338,10.1200,6.0300,41.8200,0.2100,1.7200,0.0000,30.5200,0,256,256,39,0
minimax_m2,uniform,0xc5d030e4,256,8,32,1536,3072,8,act_scatter,0.005312,1.2205,7.7500,4.8900,17.0100,0.7400,2.7800,0.0000,21.2900,0,96,256,30,0
minimax_m2,uniform,0xc5d030e4,256,8,32,1536,3072,8,ff1,0.243968,56.0547,77.5600,11.3800,30.9700,77.5600,19.5400,5.0400,64.6000,1105920,256,1024,56,16512
minimax_m2,uniform,0xc5d030e4,256,8,32,1536,3072,8,ff2,0.173088,39.7691,57.7500,12.3400,30.3700,57.7500,16.1300,7.6900,69.1600,1105920,256,1024,64,32768
minimax_m2,zipf,0x2418b65b,256,8,32,1536,3072,8,act_absmax,0.005952,1.4998,6.8700,0.1300,1.7400,0.5700,0.5300,0.0000,31.7900,0,6,256,16,0
minimax_m2,zipf,0x2418b65b,256,8,32,1536,3072,8,act_scale,0.002592,0.6531,14.3200,0.0200,0.1500,0.1300,1.1300,0.0000,21.3000,0,1,256,16,0
minimax_m2,zipf,0x2418b65b,256,8,32,1536,3072,8,route_pack,0.004192,1.0563,9.8100,5.6800,39.0900,0.2100,1.6300,0.0000,29.4200,0,256,256,39,0
minimax_m2,zipf,0x2418b65b,256,8,32,1536,3072,8,act_scatter,0.005312,1.3385,7.7500,4.8800,16.9400,0.7500,2.7500,0.0000,21.2300,0,96,256,30,0
minimax_m2,zipf,0x2418b65b,256,8,32,1536,3072,8,ff1,0.205984,51.9029,61.8700,9.2100,20.6600,61.8700,15.4600,4.0600,66.4200,737280,256,1024,56,16512
minimax_m2,zipf,0x2418b65b,256,8,32,1536,3072,8,ff2,0.172832,43.5494,38.5800,8.3600,20.0600,38.5800,11.4300,5.2100,69.7400,737280,256,1024,64,32768
minimax_m2,burst,0x86412f92,256,8,32,1536,3072,8,act_absmax,0.006048,1.5643,6.7500,0.1300,1.7400,0.5500,0.5300,0.0000,32.3800,0,6,256,16,0
minimax_m2,burst,0x86412f92,256,8,32,1536,3072,8,act_scale,0.002592,0.6704,14.3100,0.0200,0.1500,0.1300,1.1300,0.0000,21.3200,0,1,256,16,0
minimax_m2,burst,0x86412f92,256,8,32,1536,3072,8,route_pack,0.004288,1.1091,9.6300,5.5400,38.2700,0.2100,1.5900,0.0000,29.3200,0,256,256,39,0
minimax_m2,burst,0x86412f92,256,8,32,1536,3072,8,act_scatter,0.005280,1.3657,7.7500,4.9100,17.0700,0.7400,2.7300,0.0000,21.4700,0,96,256,30,0
minimax_m2,burst,0x86412f92,256,8,32,1536,3072,8,ff1,0.200992,51.9864,53.7600,8.3500,18.1800,53.7600,13.8900,3.6800,66.8600,645120,256,1024,56,16512
minimax_m2,burst,0x86412f92,256,8,32,1536,3072,8,ff2,0.167424,43.3041,34.8400,7.5000,17.9200,34.8400,10.5400,4.6700,69.3800,645120,256,1024,64,32768
minimax_m2,uniform,0xe089a5c9,256,256,256,1536,3072,8,act_absmax,0.006048,0.4125,16.5800,4.1000,54.5800,16.5800,4.2900,0.0000,31.3000,0,192,256,16,0
minimax_m2,uniform,0xe089a5c9,256,256,256,1536,3072,8,act_scale,0.002624,0.1789,14.4100,0.0200,0.1500,0.1600,1.1200,0.0000,21.9000,0,1,256,16,0
minimax_m2,uniform,0xe089a5c9,256,256,256,1536,3072,8,route_pack,0.005120,0.3492,11.4100,8.7700,47.7800,0.3200,6.4000,0.0000,27.1800,0,256,256,39,0
minimax_m2,uniform,0xe089a5c9,256,256,256,1536,3072,8,act_scatter,0.013824,0.9428,35.3200,48.2500,73.2100,9.9900,23.6300,0.0000,60.9200,0,768,256,30,0
minimax_m2,uniform,0xe089a5c9,256,256,256,1536,3072,8,ff1,0.921312,62.8309,89.7100,13.4000,81.6400,89.7100,22.6000,5.8600,67.4700,4737024,256,1024,56,16512
minimax_m2,uniform,0xe089a5c9,256,256,256,1536,3072,8,ff2,0.517408,35.2858,82.7200,17.2600,77.2600,82.7200,39.2300,10.6900,66.6000,4718592,256,1024,64,32768
minimax_m2,zipf,0x42be5b00,256,256,256,1536,3072,8,act_absmax,0.006464,0.1737,15.4000,4.0800,53.6600,15.4000,4.0000,0.0000,33.5400,0,192,256,16,0
minimax_m2,zipf,0x42be5b00,256,256,256,1536,3072,8,act_scale,0.002624,0.0705,14.4100,0.0200,0.1500,0.1400,1.1300,0.0000,21.9400,0,1,256,16,0
minimax_m2,zipf,0x42be5b00,256,256,256,1536,3072,8,route_pack,0.005632,0.1514,10.6000,8.0500,43.3200,0.2900,5.6800,0.0000,28.5600,0,256,256,39,0
minimax_m2,zipf,0x42be5b00,256,256,256,1536,3072,8,act_scatter,0.013792,0.3707,35.3100,48.2300,73.1300,9.3500,23.6400,0.0000,61.2300,0,768,256,30,0
minimax_m2,zipf,0x42be5b00,256,256,256,1536,3072,8,ff1,2.241344,60.2413,35.4700,6.2800,35.4400,35.4700,9.2300,2.9900,66.6300,5474304,256,1024,56,16512
minimax_m2,zipf,0x42be5b00,256,256,256,1536,3072,8,ff2,1.450752,38.9923,28.5400,6.7300,29.7000,28.5400,12.3300,4.1700,67.2900,4737024,256,1024,64,32768
minimax_m2,burst,0xace6d147,256,256,256,1536,3072,8,act_absmax,0.006144,0.2349,16.2300,4.1000,53.7900,16.2300,4.2200,0.0000,32.4000,0,192,256,16,0
minimax_m2,burst,0xace6d147,256,256,256,1536,3072,8,act_scale,0.002624,0.1003,14.4600,0.0200,0.1800,0.1400,1.1100,0.0000,18.2400,0,1,256,16,0
minimax_m2,burst,0xace6d147,256,256,256,1536,3072,8,route_pack,0.005248,0.2007,10.8300,8.1900,46.0400,0.3100,6.1000,0.0000,27.2100,0,256,256,39,0
minimax_m2,burst,0xace6d147,256,256,256,1536,3072,8,act_scatter,0.013952,0.5335,35.1000,47.9400,72.7100,8.3000,23.4000,0.0000,60.7700,0,768,256,30,0
minimax_m2,burst,0xace6d147,256,256,256,1536,3072,8,ff1,1.554720,59.4530,45.2100,7.7100,46.4000,45.2100,11.6700,3.6900,65.0700,4810752,256,1024,56,16512
minimax_m2,burst,0xace6d147,256,256,256,1536,3072,8,ff2,1.032352,39.4775,35.7300,8.0900,37.9300,35.7300,16.1400,5.0000,66.4400,4128768,256,1024,64,32768
minimax_m2,uniform,0x0f2f56be,256,512,512,1536,3072,8,act_absmax,0.006560,0.4222,30.3100,7.9800,55.1900,30.3100,7.8200,0.0000,63.2600,0,384,256,16,0
minimax_m2,uniform,0x0f2f56be,256,512,512,1536,3072,8,act_scale,0.003072,0.1977,13.4100,0.0200,0.2100,0.1400,0.9600,0.0000,21.0500,0,1,256,16,0
minimax_m2,uniform,0x0f2f56be,256,512,512,1536,3072,8,route_pack,0.007488,0.4820,15.1300,10.7300,59.9700,0.3200,8.4200,0.0000,25.2800,0,256,256,39,0
minimax_m2,uniform,0x0f2f56be,256,512,512,1536,3072,8,act_scatter,0.021440,1.3800,44.6000,60.9200,83.8200,12.5200,29.9000,0.0000,80.5100,0,1536,256,30,0
minimax_m2,uniform,0x0f2f56be,256,512,512,1536,3072,8,ff1,0.974848,62.7477,84.9800,15.3700,80.2100,84.9800,21.6000,8.1400,67.3200,6764544,256,1024,56,16512
minimax_m2,uniform,0x0f2f56be,256,512,512,1536,3072,8,ff2,0.540192,34.7703,79.3500,17.1700,76.5900,79.3500,43.9600,10.4800,66.7300,4718592,256,1024,64,32768
minimax_m2,zipf,0x6957ccf5,256,512,512,1536,3072,8,act_absmax,0.006688,0.0925,29.6800,7.8900,58.0300,29.6800,7.6500,0.0000,57.1100,0,384,256,16,0
minimax_m2,zipf,0x6957ccf5,256,512,512,1536,3072,8,act_scale,0.003072,0.0425,13.4300,0.0200,0.1800,0.1300,0.9600,0.0000,24.6800,0,1,256,16,0
minimax_m2,zipf,0x6957ccf5,256,512,512,1536,3072,8,route_pack,0.007488,0.1036,14.6400,10.1900,52.7900,0.3200,8.2800,0.0000,25.8300,0,256,256,39,0
minimax_m2,zipf,0x6957ccf5,256,512,512,1536,3072,8,act_scatter,0.021408,0.2961,44.7400,61.1100,84.1500,13.8500,30.0300,0.0000,81.0600,0,1536,256,30,0
minimax_m2,zipf,0x6957ccf5,256,512,512,1536,3072,8,ff1,4.216576,58.3302,21.3700,4.5400,21.7900,21.3700,6.0400,2.3300,67.0800,7704576,256,1024,56,16512
minimax_m2,zipf,0x6957ccf5,256,512,512,1536,3072,8,ff2,2.973568,41.1350,16.2800,4.2800,17.6900,16.2800,8.8300,2.6500,67.4000,5769216,256,1024,64,32768
minimax_m2,burst,0xcb9c422c,256,512,512,1536,3072,8,act_absmax,0.006400,0.1796,31.1600,7.9700,58.2400,31.1600,8.0200,0.0000,57.4300,0,384,256,16,0
minimax_m2,burst,0xcb9c422c,256,512,512,1536,3072,8,act_scale,0.003072,0.0862,13.4100,0.0200,0.1800,0.1400,0.9600,0.0000,24.6600,0,1,256,16,0
minimax_m2,burst,0xcb9c422c,256,512,512,1536,3072,8,route_pack,0.007328,0.2056,15.1300,10.4700,57.5700,0.3300,8.4000,0.0000,26.2900,0,256,256,39,0
minimax_m2,burst,0xcb9c422c,256,512,512,1536,3072,8,act_scatter,0.021568,0.6052,44.9700,61.4300,84.5300,14.4000,29.7800,0.0000,81.6000,0,1536,256,30,0
minimax_m2,burst,0xcb9c422c,256,512,512,1536,3072,8,ff1,2.118240,59.4354,42.0900,7.9100,40.7600,42.0900,10.9100,4.1000,66.6600,7114752,256,1024,56,16512
minimax_m2,burst,0xcb9c422c,256,512,512,1536,3072,8,ff2,1.407328,39.4880,32.8600,7.6300,33.0900,32.8600,18.0600,4.7100,66.9600,5197824,256,1024,64,32768
gpt_oss_120b,uniform,0x55c4f863,128,8,32,2880,2880,4,act_absmax,0.006304,0.9206,6.5000,0.1300,1.6600,0.5000,0.4900,0.0000,34.0500,0,6,256,16,0
gpt_oss_120b,uniform,0x55c4f863,128,8,32,2880,2880,4,act_scale,0.002592,0.3785,14.4000,0.0200,0.1500,0.1300,1.1300,0.0000,21.5300,0,1,256,16,0
gpt_oss_120b,uniform,0x55c4f863,128,8,32,2880,2880,4,route_pack,0.003840,0.5608,10.7500,3.2900,25.9900,0.2200,1.3900,0.0000,23.1100,0,128,256,39,0
gpt_oss_120b,uniform,0x55c4f863,128,8,32,2880,2880,4,act_scatter,0.004640,0.6776,8.8700,3.7600,14.5800,0.8100,2.0600,0.0000,24.3700,0,90,256,30,0
gpt_oss_120b,uniform,0x55c4f863,128,8,32,2880,2880,4,ff1,0.363584,53.0959,42.0200,6.9100,14.5600,42.0200,10.7300,3.0500,66.3600,967680,128,1024,56,16512
gpt_oss_120b,uniform,0x55c4f863,128,8,32,2880,2880,4,ff2,0.303808,44.3666,26.9900,6.1500,14.2200,26.9900,7.6700,3.8500,68.5300,967680,128,1024,64,32768
gpt_oss_120b,zipf,0xb40d71da,128,8,32,2880,2880,4,act_absmax,0.006016,0.8837,6.8100,0.1300,1.6700,0.5200,0.5200,0.0000,31.6400,0,6,256,16,0
gpt_oss_120b,zipf,0xb40d71da,128,8,32,2880,2880,4,act_scale,0.002624,0.3855,14.4000,0.0200,0.1500,0.1200,1.1300,0.0000,21.6200,0,1,256,16,0
gpt_oss_120b,zipf,0xb40d71da,128,8,32,2880,2880,4,route_pack,0.003776,0.5547,10.8600,3.1700,24.9400,0.2200,1.3900,0.0000,22.7700,0,128,256,39,0
gpt_oss_120b,zipf,0xb40d71da,128,8,32,2880,2880,4,act_scatter,0.004544,0.6675,9.0500,3.7500,14.5200,0.8300,2.0300,0.0000,23.4800,0,90,256,30,0
gpt_oss_120b,zipf,0xb40d71da,128,8,32,2880,2880,4,ff1,0.356064,52.3057,30.5300,4.8200,9.9000,30.5300,7.4500,2.1200,67.1200,656640,128,1024,56,16512
gpt_oss_120b,zipf,0xb40d71da,128,8,32,2880,2880,4,ff2,0.307712,45.2028,18.0900,4.1700,9.6900,18.0900,5.4800,2.6100,68.6700,656640,128,1024,64,32768
gpt_oss_120b,burst,0x1635f711,128,8,32,2880,2880,4,act_absmax,0.006176,0.9150,6.6400,0.1200,1.6000,0.5100,0.5700,0.0000,31.9900,0,6,256,16,0
gpt_oss_120b,burst,0x1635f711,128,8,32,2880,2880,4,act_scale,0.002624,0.3887,14.3900,0.0200,0.1500,0.1300,1.1200,0.0000,21.5100,0,1,256,16,0
gpt_oss_120b,burst,0x1635f711,128,8,32,2880,2880,4,route_pack,0.003744,0.5547,10.9900,3.1800,25.0000,0.2300,1.4000,0.0000,22.8300,0,128,256,39,0
gpt_oss_120b,burst,0x1635f711,128,8,32,2880,2880,4,act_scatter,0.004576,0.6779,8.9800,3.7800,14.6400,0.8200,2.0100,0.0000,23.9700,0,90,256,30,0
gpt_oss_120b,burst,0x1635f711,128,8,32,2880,2880,4,ff1,0.351808,52.1191,25.7900,4.0900,8.3300,25.7900,6.3500,1.8000,67.2400,552960,128,1024,56,16512
gpt_oss_120b,burst,0x1635f711,128,8,32,2880,2880,4,ff2,0.306080,45.3446,15.3200,3.5300,8.2200,15.3200,4.8000,2.2100,68.7500,552960,128,1024,64,32768
gpt_oss_120b,uniform,0x707a6d48,128,256,256,2880,2880,4,act_absmax,0.006528,0.5072,14.3200,3.8500,52.1600,14.3200,3.6700,0.0000,31.2200,0,180,256,16,0
gpt_oss_120b,uniform,0x707a6d48,128,256,256,2880,2880,4,act_scale,0.002656,0.2064,14.5100,0.0200,0.1500,0.1400,1.1200,0.0000,21.7100,0,1,256,16,0
gpt_oss_120b,uniform,0x707a6d48,128,256,256,2880,2880,4,route_pack,0.004352,0.3381,9.5000,4.4000,31.0400,0.2900,3.7800,0.0000,21.0000,0,128,256,39,0
gpt_oss_120b,uniform,0x707a6d48,128,256,256,2880,2880,4,act_scatter,0.008672,0.6738,34.9200,47.0700,71.5800,11.6600,18.8200,0.0000,66.7500,0,720,256,30,0
gpt_oss_120b,uniform,0x707a6d48,128,256,256,2880,2880,4,ff1,0.807744,62.7567,88.7200,13.8300,66.6700,88.7200,22.6500,6.0100,63.6200,4423680,128,1024,56,16512
gpt_oss_120b,uniform,0x707a6d48,128,256,256,2880,2880,4,ff2,0.457152,35.5179,82.3200,18.3700,64.9100,82.3200,40.5000,11.4200,66.1100,4423680,128,1024,64,32768
gpt_oss_120b,zipf,0xd2a2e28f,128,256,256,2880,2880,4,act_absmax,0.005888,0.1371,15.8300,3.8500,52.0900,15.8300,4.0500,0.0000,30.0000,0,180,256,16,0
gpt_oss_120b,zipf,0xd2a2e28f,128,256,256,2880,2880,4,act_scale,0.002688,0.0626,14.7100,0.0200,0.1500,0.1400,1.0900,0.0000,23.1100,0,1,256,16,0
gpt_oss_120b,zipf,0xd2a2e28f,128,256,256,2880,2880,4,route_pack,0.004288,0.0999,9.6100,4.4200,30.0200,0.2900,3.5200,0.0000,21.1000,0,128,256,39,0
gpt_oss_120b,zipf,0xd2a2e28f,128,256,256,2880,2880,4,act_scatter,0.008512,0.1983,35.3400,47.6400,72.4200,11.7100,19.2500,0.0000,66.0500,0,720,256,30,0
gpt_oss_120b,zipf,0xd2a2e28f,128,256,256,2880,2880,4,ff1,2.514848,58.5755,26.4200,4.9100,18.9500,26.4200,6.9800,2.3400,63.6900,4976640,128,1024,56,16512
gpt_oss_120b,zipf,0xd2a2e28f,128,256,256,2880,2880,4,ff2,1.757120,40.9266,20.1300,4.9100,15.2600,20.1300,9.0800,3.0600,67.0200,4285440,128,1024,64,32768
gpt_oss_120b,burst,0x3ceb98c6,128,256,256,2880,2880,4,act_absmax,0.006080,0.2399,15.4200,3.8400,52.1300,15.4200,3.9500,0.0000,30.3100,0,180,256,16,0
gpt_oss_120b,burst,0x3ceb98c6,128,256,256,2880,2880,4,act_scale,0.002624,0.1035,14.5700,0.0200,0.1500,0.1400,1.1100,0.0000,21.9800,0,1,256,16,0
gpt_oss_120b,burst,0x3ceb98c6,128,256,256,2880,2880,4,route_pack,0.004480,0.1768,9.2100,4.2000,29.9900,0.2800,3.2100,0.0000,20.9300,0,128,256,39,0
gpt_oss_120b,burst,0x3ceb98c6,128,256,256,2880,2880,4,act_scatter,0.008608,0.3396,35.6500,48.0500,73.0100,11.2100,18.9000,0.0000,67.5400,0,720,256,30,0
gpt_oss_120b,burst,0x3ceb98c6,128,256,256,2880,2880,4,ff1,1.507680,59.4886,43.0700,7.6300,31.0800,43.0700,11.0300,3.6000,64.5600,4631040,128,1024,56,16512
gpt_oss_120b,burst,0x3ceb98c6,128,256,256,2880,2880,4,ff2,1.004928,39.6515,33.8900,7.7300,24.9300,33.8900,15.8900,4.8000,66.3100,4043520,128,1024,64,32768
gpt_oss_120b,uniform,0x9f101e3d,128,512,512,2880,2880,4,act_absmax,0.006144,0.4605,30.4400,7.5300,55.3500,30.4400,7.8200,0.0000,55.3200,0,360,256,16,0
gpt_oss_120b,uniform,0x9f101e3d,128,512,512,2880,2880,4,act_scale,0.003136,0.2350,13.1300,0.0200,0.1800,0.1300,0.9400,0.0000,26.5300,0,1,256,16,0
gpt_oss_120b,uniform,0x9f101e3d,128,512,512,2880,2880,4,route_pack,0.005728,0.4293,7.1800,6.0400,39.1200,0.2900,4.7100,0.0000,21.5300,0,128,256,39,0
gpt_oss_120b,uniform,0x9f101e3d,128,512,512,2880,2880,4,act_scatter,0.013728,1.0289,42.5800,57.4100,80.4000,14.6000,23.3500,0.0000,85.3000,0,1440,256,30,0
gpt_oss_120b,uniform,0x9f101e3d,128,512,512,2880,2880,4,ff1,0.835264,62.6022,85.9000,16.1300,65.0600,85.9000,22.1300,8.5400,63.6200,6393600,128,1024,56,16512
gpt_oss_120b,uniform,0x9f101e3d,128,512,512,2880,2880,4,ff2,0.470240,35.2440,80.1600,18.1500,64.0500,80.1600,46.1000,11.1600,66.2900,4423680,128,1024,64,32768
gpt_oss_120b,zipf,0xf9589474,128,512,512,2880,2880,4,act_absmax,0.006464,0.0726,28.9400,7.5200,55.1100,28.9400,7.4500,0.0000,58.2100,0,360,256,16,0
gpt_oss_120b,zipf,0xf9589474,128,512,512,2880,2880,4,act_scale,0.003104,0.0349,13.2100,0.0200,0.1800,0.1400,0.9400,0.0000,26.7700,0,1,256,16,0
gpt_oss_120b,zipf,0xf9589474,128,512,512,2880,2880,4,route_pack,0.005728,0.0644,7.1700,5.5300,34.6900,0.2800,4.2100,0.0000,20.2400,0,128,256,39,0
gpt_oss_120b,zipf,0xf9589474,128,512,512,2880,2880,4,act_scatter,0.014112,0.1586,43.2300,58.2800,81.6500,13.9100,22.6400,0.0000,86.3200,0,1440,256,30,0
gpt_oss_120b,zipf,0xf9589474,128,512,512,2880,2880,4,ff1,5.058784,56.8374,15.8000,3.3700,12.6000,15.8000,4.4900,1.7100,63.9800,7257600,128,1024,56,16512
gpt_oss_120b,zipf,0xf9589474,128,512,512,2880,2880,4,ff2,3.812256,42.8322,11.3900,2.9100,9.5400,11.3900,6.3100,1.8100,67.1600,5495040,128,1024,64,32768
gpt_oss_120b,burst,0x5b810dab,128,512,512,2880,2880,4,act_absmax,0.006144,0.1703,30.5000,7.5200,55.1800,30.5000,7.8800,0.0000,55.9800,0,360,256,16,0
gpt_oss_120b,burst,0x5b810dab,128,512,512,2880,2880,4,act_scale,0.003104,0.0861,13.2100,0.0200,0.1800,0.1400,0.9400,0.0000,26.2100,0,1,256,16,0
gpt_oss_120b,burst,0x5b810dab,128,512,512,2880,2880,4,route_pack,0.005760,0.1597,7.1100,5.5100,35.8300,0.2800,4.0000,0.0000,20.3000,0,128,256,39,0
gpt_oss_120b,burst,0x5b810dab,128,512,512,2880,2880,4,act_scatter,0.013888,0.3851,42.8700,57.8000,80.9700,14.1600,22.9700,0.0000,85.4000,0,1440,256,30,0
gpt_oss_120b,burst,0x5b810dab,128,512,512,2880,2880,4,ff1,2.138272,59.2847,34.8800,6.8600,25.6000,34.8800,9.1600,3.5600,63.8100,6497280,128,1024,56,16512
gpt_oss_120b,burst,0x5b810dab,128,512,512,2880,2880,4,ff2,1.439616,39.9141,27.4700,6.4800,21.3400,27.4700,15.8000,4.0100,66.9000,4700160,128,1024,64,32768
gpt_oss_20b,uniform,0xa5c983e2,32,8,32,2880,2880,4,act_absmax,0.006144,0.9040,6.6700,0.1300,1.6800,0.5100,0.5000,0.0000,32.2900,0,6,256,16,0
gpt_oss_20b,uniform,0xa5c983e2,32,8,32,2880,2880,4,act_scale,0.002624,0.3861,14.4600,0.0200,0.1500,0.1200,1.1100,0.0000,22.5800,0,1,256,16,0
gpt_oss_20b,uniform,0xa5c983e2,32,8,32,2880,2880,4,route_pack,0.003808,0.5603,10.7800,0.8100,6.6900,0.2300,1.1000,0.0000,23.7400,0,32,256,39,0
gpt_oss_20b,uniform,0xa5c983e2,32,8,32,2880,2880,4,act_scatter,0.004608,0.6780,8.9400,3.7300,14.5700,0.8100,2.0100,0.0000,23.8800,0,90,256,30,0
gpt_oss_20b,uniform,0xa5c983e2,32,8,32,2880,2880,4,ff1,0.354176,52.1092,23.9000,4.8200,9.9200,23.9000,7.4800,2.1300,66.2300,656640,32,1024,56,16512
gpt_oss_20b,uniform,0xa5c983e2,32,8,32,2880,2880,4,ff2,0.308320,45.3625,18.0600,4.1700,9.7800,18.0600,5.4600,2.6100,68.4300,656640,32,1024,64,32768
gpt_oss_20b,zipf,0x07fe3959,32,8,32,2880,2880,4,act_absmax,0.005952,0.8822,6.8600,0.1300,1.6900,0.5400,0.5200,0.0000,31.2600,0,6,256,16,0
gpt_oss_20b,zipf,0x07fe3959,32,8,32,2880,2880,4,act_scale,0.002624,0.3889,14.3800,0.0200,0.1500,0.1300,1.1300,0.0000,21.0000,0,1,256,16,0
gpt_oss_20b,zipf,0x07fe3959,32,8,32,2880,2880,4,route_pack,0.003872,0.5739,10.5700,0.8200,6.6300,0.2200,1.0800,0.0000,24.3700,0,32,256,39,0
gpt_oss_20b,zipf,0x07fe3959,32,8,32,2880,2880,4,act_scatter,0.004640,0.6878,8.9100,3.7300,14.6100,0.8100,1.9800,0.0000,24.8900,0,90,256,30,0
gpt_oss_20b,zipf,0x07fe3959,32,8,32,2880,2880,4,ff1,0.350368,51.9328,20.6700,4.0800,8.3400,20.6700,6.3800,1.8000,66.3000,552960,32,1024,56,16512
gpt_oss_20b,zipf,0x07fe3959,32,8,32,2880,2880,4,ff2,0.307200,45.5343,15.2700,3.5200,8.2400,15.2700,4.8000,2.2100,68.6500,552960,32,1024,64,32768
gpt_oss_20b,burst,0x6626be90,32,8,32,2880,2880,4,act_absmax,0.005824,0.8551,7.0000,0.1300,1.6800,0.5500,0.5300,0.0000,31.4100,0,6,256,16,0
gpt_oss_20b,burst,0x6626be90,32,8,32,2880,2880,4,act_scale,0.002592,0.3805,14.2300,0.0200,0.1500,0.1300,1.1400,0.0000,21.1100,0,1,256,16,0
gpt_oss_20b,burst,0x6626be90,32,8,32,2880,2880,4,route_pack,0.004000,0.5873,10.2800,0.8100,6.5300,0.2200,1.0400,0.0000,24.5700,0,32,256,39,0
gpt_oss_20b,burst,0x6626be90,32,8,32,2880,2880,4,act_scatter,0.004480,0.6577,9.1900,3.7300,14.6000,0.8400,2.0300,0.0000,23.1700,0,90,256,30,0
gpt_oss_20b,burst,0x6626be90,32,8,32,2880,2880,4,ff1,0.351168,51.5574,18.0700,3.5900,7.3300,18.0700,5.5700,1.5800,66.5400,483840,32,1024,56,16512
gpt_oss_20b,burst,0x6626be90,32,8,32,2880,2880,4,ff2,0.313056,45.9619,13.1400,3.0300,7.1200,13.1400,4.2400,1.9000,68.8500,483840,32,1024,64,32768
gpt_oss_20b,uniform,0xc06f34d7,32,256,256,2880,2880,4,act_absmax,0.006272,0.4045,14.9100,3.8300,51.3600,14.9100,3.8200,0.0000,32.0400,0,180,256,16,0
gpt_oss_20b,uniform,0xc06f34d7,32,256,256,2880,2880,4,act_scale,0.002656,0.1713,14.5000,0.0200,0.1500,0.1400,1.1100,0.0000,22.0800,0,1,256,16,0
gpt_oss_20b,uniform,0xc06f34d7,32,256,256,2880,2880,4,route_pack,0.004256,0.2745,9.6500,1.2400,8.5300,0.2900,1.9300,0.0000,22.4400,0,32,256,39,0
gpt_oss_20b,uniform,0xc06f34d7,32,256,256,2880,2880,4,act_scatter,0.008352,0.5386,35.6400,48.0400,73.1700,11.2700,19.3700,0.0000,65.1100,0,720,256,30,0
gpt_oss_20b,uniform,0xc06f34d7,32,256,256,2880,2880,4,ff1,0.847424,54.6494,27.3500,6.4600,12.7500,27.3500,7.8800,3.6800,67.5000,2695680,32,1024,56,16512
gpt_oss_20b,uniform,0xc06f34d7,32,256,256,2880,2880,4,ff2,0.681696,43.9618,19.9100,4.7800,12.2100,19.9100,13.0400,2.8100,69.2100,1589760,32,1024,64,32768
gpt_oss_20b,zipf,0x2297aa0e,32,256,256,2880,2880,4,act_absmax,0.005984,0.1103,15.6000,3.7100,49.7300,15.6000,3.9900,0.0000,29.8700,0,180,256,16,0
gpt_oss_20b,zipf,0x2297aa0e,32,256,256,2880,2880,4,act_scale,0.002752,0.0507,14.8300,0.0200,0.1500,0.1400,1.0800,0.0000,24.5200,0,1,256,16,0
gpt_oss_20b,zipf,0x2297aa0e,32,256,256,2880,2880,4,route_pack,0.004256,0.0785,9.6200,1.2300,8.1400,0.2900,1.8200,0.0000,22.8200,0,32,256,39,0
gpt_oss_20b,zipf,0x2297aa0e,32,256,256,2880,2880,4,act_scatter,0.008480,0.1564,35.5200,47.8800,72.9400,11.0700,19.1900,0.0000,65.8400,0,720,256,30,0
gpt_oss_20b,zipf,0x2297aa0e,32,256,256,2880,2880,4,ff1,3.017760,55.6473,6.7800,1.9500,3.7800,6.7800,2.4400,1.0400,67.2800,2626560,32,1024,56,16512
gpt_oss_20b,zipf,0x2297aa0e,32,256,256,2880,2880,4,ff2,2.383776,43.9567,5.7400,1.5400,3.8500,5.7400,3.9700,0.9200,69.3000,1762560,32,1024,64,32768
gpt_oss_20b,burst,0x8cdc2045,32,256,256,2880,2880,4,act_absmax,0.006016,0.2449,15.6400,3.8400,52.3700,15.6400,4.0000,0.0000,29.1800,0,180,256,16,0
gpt_oss_20b,burst,0x8cdc2045,32,256,256,2880,2880,4,act_scale,0.002656,0.1081,14.4400,0.0200,0.1500,0.1400,1.1100,0.0000,22.0000,0,1,256,16,0
gpt_oss_20b,burst,0x8cdc2045,32,256,256,2880,2880,4,route_pack,0.004256,0.1733,9.6400,1.2300,8.4900,0.2900,1.8000,0.0000,22.8400,0,32,256,39,0
gpt_oss_20b,burst,0x8cdc2045,32,256,256,2880,2880,4,act_scatter,0.008576,0.3492,35.6700,48.0800,73.1300,11.0000,18.9700,0.0000,66.9500,0,720,256,30,0
gpt_oss_20b,burst,0x8cdc2045,32,256,256,2880,2880,4,ff1,1.414784,57.6015,16.5500,4.0500,7.9600,16.5500,4.8100,2.3200,67.6100,2764800,32,1024,56,16512
gpt_oss_20b,burst,0x8cdc2045,32,256,256,2880,2880,4,ff2,1.019872,41.5230,13.5300,3.2100,8.1600,13.5300,8.8400,1.8900,69.1000,1624320,32,1024,64,32768
gpt_oss_20b,uniform,0xef04d9bc,32,512,512,2880,2880,4,act_absmax,0.006528,0.2708,28.6500,7.4800,54.3100,28.6500,7.3600,0.0000,59.9300,0,360,256,16,0
gpt_oss_20b,uniform,0xef04d9bc,32,512,512,2880,2880,4,act_scale,0.003104,0.1288,13.4000,0.0200,0.1800,0.1300,0.9500,0.0000,25.8000,0,1,256,16,0
gpt_oss_20b,uniform,0xef04d9bc,32,512,512,2880,2880,4,route_pack,0.005888,0.2443,6.9800,1.5600,10.5400,0.2800,2.0800,0.0000,21.9600,0,32,256,39,0
gpt_oss_20b,uniform,0xef04d9bc,32,512,512,2880,2880,4,act_scatter,0.013824,0.5735,43.7000,58.9100,82.5000,13.9500,23.1600,0.0000,84.7800,0,1440,256,30,0
gpt_oss_20b,uniform,0xef04d9bc,32,512,512,2880,2880,4,ff1,1.350880,56.0416,32.8600,7.4900,14.7100,32.8600,8.8500,4.3600,67.9200,5045760,32,1024,56,16512
gpt_oss_20b,uniform,0xef04d9bc,32,512,512,2880,2880,4,ff2,1.030272,42.7411,23.4900,5.6700,14.3600,23.4900,16.2100,3.2800,68.4700,2833920,32,1024,64,32768
gpt_oss_20b,zipf,0x494d5ff3,32,512,512,2880,2880,4,act_absmax,0.006496,0.0643,28.7500,7.5100,54.4400,28.7500,7.3600,0.0000,59.9500,0,360,256,16,0
gpt_oss_20b,zipf,0x494d5ff3,32,512,512,2880,2880,4,act_scale,0.003040,0.0301,13.4200,0.0200,0.1800,0.1300,0.9600,0.0000,25.5300,0,1,256,16,0
gpt_oss_20b,zipf,0x494d5ff3,32,512,512,2880,2880,4,route_pack,0.005696,0.0564,7.2200,1.5400,9.9000,0.2900,2.0400,0.0000,21.5200,0,32,256,39,0
gpt_oss_20b,zipf,0x494d5ff3,32,512,512,2880,2880,4,act_scatter,0.013728,0.1360,43.2700,58.3300,81.6700,14.4500,23.2300,0.0000,84.2400,0,1440,256,30,0
gpt_oss_20b,zipf,0x494d5ff3,32,512,512,2880,2880,4,ff1,5.678016,56.2379,5.2700,1.7600,3.3100,5.2700,1.9800,1.0400,68.3600,4907520,32,1024,56,16512
gpt_oss_20b,zipf,0x494d5ff3,32,512,512,2880,2880,4,ff2,4.389440,43.4752,4.8400,1.3200,3.2800,4.8400,3.6800,0.7500,69.4500,2661120,32,1024,64,32768
gpt_oss_20b,burst,0xab75d52a,32,512,512,2880,2880,4,act_absmax,0.006208,0.1124,29.9400,7.4900,54.4300,29.9400,7.7100,0.0000,56.2500,0,360,256,16,0
gpt_oss_20b,burst,0xab75d52a,32,512,512,2880,2880,4,act_scale,0.003072,0.0556,13.4500,0.0200,0.1800,0.1300,0.9600,0.0000,25.4100,0,1,256,16,0
gpt_oss_20b,burst,0xab75d52a,32,512,512,2880,2880,4,route_pack,0.005792,0.1049,7.0800,1.5300,10.3300,0.2800,1.9500,0.0000,21.5900,0,32,256,39,0
gpt_oss_20b,burst,0xab75d52a,32,512,512,2880,2880,4,act_scatter,0.013600,0.2463,42.7100,57.5800,80.5900,14.1900,23.4500,0.0000,83.5200,0,1440,256,30,0
gpt_oss_20b,burst,0xab75d52a,32,512,512,2880,2880,4,ff1,3.070368,55.6087,13.0700,3.2400,6.3200,13.0700,3.7500,1.8800,68.0300,4838400,32,1024,56,16512
gpt_oss_20b,burst,0xab75d52a,32,512,512,2880,2880,4,ff2,2.422336,43.8720,9.2900,2.4900,6.2600,9.2900,6.7500,1.4300,69.0900,2730240,32,1024,64,32768
gemma4_26b_a4b,uniform,0x35ba4b61,128,8,32,704,2816,8,act_absmax,0.005792,2.8612,7.0300,0.1200,1.6800,0.5300,0.5300,0.0000,30.3500,0,6,256,16,0
gemma4_26b_a4b,uniform,0x35ba4b61,128,8,32,704,2816,8,act_scale,0.002592,1.2804,14.2900,0.0200,0.1500,0.1300,1.1300,0.0000,20.2900,0,1,256,16,0
gemma4_26b_a4b,uniform,0x35ba4b61,128,8,32,704,2816,8,route_pack,0.004064,2.0076,10.0800,3.0400,27.6000,0.2200,1.3500,0.0000,23.4300,0,128,256,39,0
gemma4_26b_a4b,uniform,0x35ba4b61,128,8,32,704,2816,8,act_scatter,0.005344,2.6399,7.6800,4.5200,15.6400,0.6900,2.5800,0.0000,21.7100,0,88,256,30,0
gemma4_26b_a4b,uniform,0x35ba4b61,128,8,32,704,2816,8,ff1,0.100320,49.5574,58.6300,11.1100,27.6400,58.6300,18.0400,4.8200,61.3100,456192,128,1024,56,16512
gemma4_26b_a4b,uniform,0x35ba4b61,128,8,32,704,2816,8,ff2,0.084320,41.6535,44.8700,10.9000,26.8700,44.8700,12.9700,6.5200,67.5200,456192,128,1024,64,32768
gemma4_26b_a4b,zipf,0x97e2c0d8,128,8,32,704,2816,8,act_absmax,0.005824,2.9445,7.0000,0.1300,1.6700,0.5300,0.5300,0.0000,31.4700,0,6,256,16,0
gemma4_26b_a4b,zipf,0x97e2c0d8,128,8,32,704,2816,8,act_scale,0.002688,1.3590,14.7000,0.0200,0.1500,0.1200,1.0900,0.0000,23.6500,0,1,256,16,0
gemma4_26b_a4b,zipf,0x97e2c0d8,128,8,32,704,2816,8,route_pack,0.004160,2.1032,9.8900,3.0000,27.0500,0.2100,1.3100,0.0000,22.0400,0,128,256,39,0
gemma4_26b_a4b,zipf,0x97e2c0d8,128,8,32,704,2816,8,act_scatter,0.005312,2.6856,7.7100,4.5100,15.6000,0.6900,2.5700,0.0000,21.5800,0,88,256,30,0
gemma4_26b_a4b,zipf,0x97e2c0d8,128,8,32,704,2816,8,ff1,0.094560,47.8078,45.2300,8.9300,19.9400,45.2300,13.8300,3.8700,64.2700,329472,128,1024,56,16512
gemma4_26b_a4b,zipf,0x97e2c0d8,128,8,32,704,2816,8,ff2,0.085248,43.0998,32.0700,7.8700,19.1000,32.0700,9.8000,4.7000,67.7300,329472,128,1024,64,32768
gemma4_26b_a4b,burst,0xf62b461f,128,8,32,704,2816,8,act_absmax,0.005888,3.0105,6.9300,0.1200,1.6600,0.5200,0.5600,0.0000,30.9900,0,6,256,16,0
gemma4_26b_a4b,burst,0xf62b461f,128,8,32,704,2816,8,act_scale,0.002592,1.3253,14.2300,0.0200,0.1500,0.1300,1.1400,0.0000,20.8800,0,1,256,16,0
gemma4_26b_a4b,burst,0xf62b461f,128,8,32,704,2816,8,route_pack,0.004064,2.0779,10.0900,3.0800,27.7900,0.2100,1.3300,0.0000,21.8200,0,128,256,39,0
gemma4_26b_a4b,burst,0xf62b461f,128,8,32,704,2816,8,act_scatter,0.005408,2.7651,7.5900,4.5100,15.6000,0.6800,2.5200,0.0000,22.7700,0,88,256,30,0
gemma4_26b_a4b,burst,0xf62b461f,128,8,32,704,2816,8,ff1,0.093216,47.6603,40.2600,8.3100,18.2200,40.2600,12.9600,3.6000,65.0200,304128,128,1024,56,16512
gemma4_26b_a4b,burst,0xf62b461f,128,8,32,704,2816,8,ff2,0.084416,43.1610,29.9000,7.2000,17.5700,29.9000,9.2800,4.3100,67.8500,304128,128,1024,64,32768
gemma4_26b_a4b,uniform,0x5053fc56,128,256,256,704,2816,8,act_absmax,0.006048,1.8171,15.1300,3.7500,50.2600,15.1300,3.8900,0.0000,29.8700,0,176,256,16,0
gemma4_26b_a4b,uniform,0x5053fc56,128,256,256,704,2816,8,act_scale,0.002624,0.7884,14.4200,0.0200,0.1500,0.1400,1.1300,0.0000,21.5700,0,1,256,16,0
gemma4_26b_a4b,uniform,0x5053fc56,128,256,256,704,2816,8,route_pack,0.004736,1.4229,8.6700,4.8300,34.5400,0.3400,4.6500,0.0000,20.1400,0,128,256,39,0
gemma4_26b_a4b,uniform,0x5053fc56,128,256,256,704,2816,8,act_scatter,0.012128,3.6439,37.2800,50.9200,77.9300,7.8500,24.6000,0.0000,58.4900,0,704,256,30,0
gemma4_26b_a4b,uniform,0x5053fc56,128,256,256,704,2816,8,ff1,0.184928,55.5620,78.0900,16.5800,64.4500,78.0900,23.9700,8.6900,54.0600,1571328,128,1024,56,16512
gemma4_26b_a4b,uniform,0x5053fc56,128,256,256,704,2816,8,ff2,0.122368,36.7657,73.6800,20.8200,63.5100,73.6800,44.4100,10.6600,66.9100,1081344,128,1024,64,32768
gemma4_26b_a4b,zipf,0xb298758d,128,256,256,704,2816,8,act_absmax,0.005952,0.3420,15.3200,3.7400,50.1300,15.3200,3.9300,0.0000,30.0200,0,176,256,16,0
gemma4_26b_a4b,zipf,0xb298758d,128,256,256,704,2816,8,act_scale,0.002656,0.1526,14.5200,0.0200,0.1800,0.1400,1.1200,0.0000,18.5800,0,1,256,16,0
gemma4_26b_a4b,zipf,0xb298758d,128,256,256,704,2816,8,route_pack,0.005184,0.2979,7.9000,4.3300,29.4500,0.3100,4.1300,0.0000,20.3600,0,128,256,39,0
gemma4_26b_a4b,zipf,0xb298758d,128,256,256,704,2816,8,act_scatter,0.012160,0.6987,37.3500,51.0200,78.0400,8.4200,24.5400,0.0000,59.0900,0,704,256,30,0
gemma4_26b_a4b,zipf,0xb298758d,128,256,256,704,2816,8,ff1,0.969216,55.6898,15.7200,4.6000,16.5900,15.7200,5.4700,2.2900,57.6600,1706496,128,1024,56,16512
gemma4_26b_a4b,zipf,0xb298758d,128,256,256,704,2816,8,ff2,0.745216,42.8191,13.2100,4.2100,12.1500,13.2100,8.0300,2.2400,67.0500,1309440,128,1024,64,32768
gemma4_26b_a4b,burst,0x1cc0ebc4,128,256,256,704,2816,8,act_absmax,0.006336,0.6761,14.4300,3.7500,50.2400,14.4300,3.6900,0.0000,31.5200,0,176,256,16,0
gemma4_26b_a4b,burst,0x1cc0ebc4,128,256,256,704,2816,8,act_scale,0.002592,0.2766,14.4600,0.0200,0.1500,0.1300,1.1200,0.0000,21.7800,0,1,256,16,0
gemma4_26b_a4b,burst,0x1cc0ebc4,128,256,256,704,2816,8,route_pack,0.004992,0.5327,8.2800,4.6300,35.2000,0.3300,4.3500,0.0000,20.1500,0,128,256,39,0
gemma4_26b_a4b,burst,0x1cc0ebc4,128,256,256,704,2816,8,act_scatter,0.012256,1.3077,36.9500,50.4700,77.2800,7.9300,24.3800,0.0000,58.9400,0,704,256,30,0
gemma4_26b_a4b,burst,0x1cc0ebc4,128,256,256,704,2816,8,ff1,0.540512,57.6741,27.8700,7.3600,27.9500,27.8700,8.8000,3.7200,56.5700,1579776,128,1024,56,16512
gemma4_26b_a4b,burst,0x1cc0ebc4,128,256,256,704,2816,8,ff2,0.370496,39.5329,25.5200,7.2400,21.5400,25.5200,15.5200,3.7700,67.3500,1165824,128,1024,64,32768
gemma4_26b_a4b,uniform,0x7f09613b,128,512,512,704,2816,8,act_absmax,0.006656,1.2367,27.5000,7.2800,56.1500,27.5000,7.0100,0.0000,56.1600,0,352,256,16,0
gemma4_26b_a4b,uniform,0x7f09613b,128,512,512,704,2816,8,act_scale,0.003072,0.5708,13.3700,0.0200,0.1800,0.1300,0.9500,0.0000,25.3100,0,1,256,16,0
gemma4_26b_a4b,uniform,0x7f09613b,128,512,512,704,2816,8,route_pack,0.006944,1.2902,8.5600,6.1500,42.1000,0.3500,6.0800,0.0000,19.8900,0,128,256,39,0
gemma4_26b_a4b,uniform,0x7f09613b,128,512,512,704,2816,8,act_scatter,0.019776,3.6744,44.6800,61.0200,85.0700,10.9600,29.7500,0.0000,79.7600,0,1408,256,30,0
gemma4_26b_a4b,uniform,0x7f09613b,128,512,512,704,2816,8,ff1,0.290112,53.9033,76.9000,17.0900,53.8000,76.9000,22.1400,9.6200,59.9400,2618880,128,1024,56,16512
gemma4_26b_a4b,uniform,0x7f09613b,128,512,512,704,2816,8,ff2,0.211648,39.3246,60.9800,18.0800,49.1300,60.9800,42.7000,8.6000,67.4600,1545984,128,1024,64,32768
gemma4_26b_a4b,zipf,0xd931e772,128,512,512,704,2816,8,act_absmax,0.006080,0.1880,30.1100,7.2900,53.7800,30.1100,7.7000,0.0000,55.0700,0,352,256,16,0
gemma4_26b_a4b,zipf,0xd931e772,128,512,512,704,2816,8,act_scale,0.003040,0.0940,13.5100,0.0200,0.1800,0.1300,0.9600,0.0000,24.9900,0,1,256,16,0
gemma4_26b_a4b,zipf,0xd931e772,128,512,512,704,2816,8,route_pack,0.007264,0.2246,7.9600,5.6100,36.0300,0.3300,5.7100,0.0000,19.6100,0,128,256,39,0
gemma4_26b_a4b,zipf,0xd931e772,128,512,512,704,2816,8,act_scatter,0.019744,0.6104,45.0200,61.4900,85.7700,12.0200,29.8700,0.0000,79.4800,0,1408,256,30,0
gemma4_26b_a4b,zipf,0xd931e772,128,512,512,704,2816,8,ff1,1.824032,56.3953,9.8400,3.6800,10.9000,9.8400,3.8700,1.9900,61.2400,2678016,128,1024,56,16512
gemma4_26b_a4b,zipf,0xd931e772,128,512,512,704,2816,8,ff2,1.374208,42.4877,8.5000,3.2600,8.4800,8.5000,6.9000,1.6000,68.1800,1723392,128,1024,64,32768
gemma4_26b_a4b,burst,0x3b669ca9,128,512,512,704,2816,8,act_absmax,0.006240,0.3385,29.1500,7.2900,53.8400,29.1500,7.4600,0.0000,55.2600,0,352,256,16,0
gemma4_26b_a4b,burst,0x3b669ca9,128,512,512,704,2816,8,act_scale,0.003328,0.1805,12.3000,0.0200,0.1800,0.1200,0.8700,0.0000,30.7200,0,1,256,16,0
gemma4_26b_a4b,burst,0x3b669ca9,128,512,512,704,2816,8,route_pack,0.007072,0.3836,8.0400,5.6400,40.4000,0.3400,5.8200,0.0000,19.2800,0,128,256,39,0
gemma4_26b_a4b,burst,0x3b669ca9,128,512,512,704,2816,8,act_scatter,0.019936,1.0815,44.9900,61.4500,85.7100,11.2600,29.5300,0.0000,80.8100,0,1408,256,30,0
gemma4_26b_a4b,burst,0x3b669ca9,128,512,512,704,2816,8,ff1,1.045920,56.7399,20.8400,6.0200,18.2300,20.8400,6.3600,3.3600,59.6000,2678016,128,1024,56,16512
gemma4_26b_a4b,burst,0x3b669ca9,128,512,512,704,2816,8,ff2,0.760864,41.2759,16.9900,5.5400,14.7200,16.9900,12.1400,2.6700,68.0300,1613568,128,1024,64,32768
