gpu,sms,path,method,destination,pf_shape,routing,route_seed,repeats,flush_mb,E,N,I,H,TOPK,expert_pool,live_experts,assignments,min_tokens_per_live_expert,max_tokens_per_live_expert,ms,median_live_CTA_cyc,W_bytes,S_bytes,X_useful_bytes,X_consumer_bytes,X_global_bytes,pf_requested_bytes,X_useful_GBps,X_consumer_GBps,X_global_GBps,pf_requested_GBps,total_useful_GBps,total_consumer_GBps,checksum
NVIDIA RTX PRO 6000 Blackwell Server Edition,188,pure,no_pf_direct,rmem,none,uniform_hash_scattered_pool,0x6a09e667,20,512,384,128,2048,7168,8,128,128,1024,1,15,2.994848,6087802,3758096384,469762048,58720256,1879048192,1879048192,0,19.607092,627.426946,627.426946,0.000000,1431.317720,2039.137574,0x97e5db212fc014ab
NVIDIA RTX PRO 6000 Blackwell Server Edition,188,pure,pf128_current_direct,rmem,1x128B_current,uniform_hash_scattered_pool,0x6a09e667,20,512,384,128,2048,7168,8,128,128,1024,1,15,2.922144,6233298,3758096384,469762048,58720256,1879048192,1879048192,58720256,20.094923,643.037521,643.037521,20.094923,1466.929344,2089.871942,0x97e5db212fc014ab
NVIDIA RTX PRO 6000 Blackwell Server Edition,188,pure,pf64x2_current_direct,rmem,2x64B_current,uniform_hash_scattered_pool,0x6a09e667,20,512,384,128,2048,7168,8,128,128,1024,1,15,2.917904,6206841,3758096384,469762048,58720256,1879048192,1879048192,58720256,20.124123,643.971925,643.971925,20.124123,1469.060954,2092.908757,0x97e5db212fc014ab
NVIDIA RTX PRO 6000 Blackwell Server Edition,188,pure,pf128x2_current_lead1_direct,rmem,2x128B_current_lead1,uniform_hash_scattered_pool,0x6a09e667,20,512,384,128,2048,7168,8,128,128,1024,1,15,2.932064,6192467,3758096384,469762048,58720256,1879048192,1879048192,116916224,20.026935,640.861917,640.861917,39.875058,1461.966248,2082.801230,0x97e5db212fc014ab
NVIDIA RTX PRO 6000 Blackwell Server Edition,188,pure,pf64x4_current_lead1_direct,rmem,4x64B_current_lead1,uniform_hash_scattered_pool,0x6a09e667,20,512,384,128,2048,7168,8,128,128,1024,1,15,2.930240,6190387,3758096384,469762048,58720256,1879048192,1879048192,116916224,20.039402,641.260868,641.260868,39.899881,1462.876355,2084.097821,0x97e5db212fc014ab
NVIDIA RTX PRO 6000 Blackwell Server Edition,188,pure,pf64x4_current_wait0_lead1_async_direct,rmem,4x64B_current_wait0_lead1_async,uniform_hash_scattered_pool,0x6a09e667,20,512,384,128,2048,7168,8,128,128,1024,1,15,2.933200,6189438,3758096384,469762048,58720256,1879048192,1879048192,116916224,20.019180,640.613755,640.613755,39.859617,1461.400129,2081.994705,0x97e5db212fc014ab
NVIDIA RTX PRO 6000 Blackwell Server Edition,188,pure,no_pf_tma_smem,smem_then_rmem,none,uniform_hash_scattered_pool,0x6a09e667,20,512,384,128,2048,7168,8,128,128,1024,1,15,2.983568,6259833,3758096384,469762048,58720256,1879048192,58720256,0,19.681220,629.799026,19.681220,0.000000,1436.729029,2046.846836,0x97e5db212fc014ab
NVIDIA RTX PRO 6000 Blackwell Server Edition,188,pure,pf128_current_tma_smem,smem_then_rmem,1x128B_current,uniform_hash_scattered_pool,0x6a09e667,20,512,384,128,2048,7168,8,128,128,1024,1,15,2.996688,6200290,3758096384,469762048,58720256,1879048192,58720256,58720256,19.595052,627.041675,19.595052,19.595052,1430.438820,2037.885442,0x97e5db212fc014ab
NVIDIA RTX PRO 6000 Blackwell Server Edition,188,pure,pf64x2_current_tma_smem,smem_then_rmem,2x64B_current,uniform_hash_scattered_pool,0x6a09e667,20,512,384,128,2048,7168,8,128,128,1024,1,15,3.011264,6197203,3758096384,469762048,58720256,1879048192,58720256,58720256,19.500203,624.006493,19.500203,19.500203,1423.514811,2028.021101,0x97e5db212fc014ab
NVIDIA RTX PRO 6000 Blackwell Server Edition,188,pure,pf128x2_current_lead1_tma_smem,smem_then_rmem,2x128B_current_lead1,uniform_hash_scattered_pool,0x6a09e667,20,512,384,128,2048,7168,8,128,128,1024,1,15,3.030256,6223077,3758096384,469762048,58720256,1879048192,58720256,116916224,19.377987,620.095569,19.377987,38.582955,1414.593017,2015.310600,0x97e5db212fc014ab
NVIDIA RTX PRO 6000 Blackwell Server Edition,188,pure,pf64x4_current_lead1_tma_smem,smem_then_rmem,4x64B_current_lead1,uniform_hash_scattered_pool,0x6a09e667,20,512,384,128,2048,7168,8,128,128,1024,1,15,3.048288,6233523,3758096384,469762048,58720256,1879048192,58720256,116916224,19.263357,616.427409,19.263357,38.354719,1406.225026,2003.389079,0x97e5db212fc014ab
NVIDIA RTX PRO 6000 Blackwell Server Edition,188,pure,pf64x4_current_wait0_lead1_async_tma_smem,smem_then_rmem,4x64B_current_wait0_lead1_async,uniform_hash_scattered_pool,0x6a09e667,20,512,384,128,2048,7168,8,128,128,1024,1,15,2.997744,6179447,3758096384,469762048,58720256,1879048192,58720256,116916224,19.588148,626.820749,19.588148,39.001403,1429.934834,2037.167435,0x97e5db212fc014ab
NVIDIA RTX PRO 6000 Blackwell Server Edition,188,wdequant,no_pf_direct,rmem,none,uniform_hash_scattered_pool,0x6a09e667,20,512,384,128,2048,7168,8,128,128,1024,1,15,5.278240,8449856,3758096384,469762048,58720256,1879048192,1879048192,0,11.124968,355.998992,355.998992,0.000000,812.122700,1156.996724,0x809d226190dcb7d3
NVIDIA RTX PRO 6000 Blackwell Server Edition,188,wdequant,pf128_current_direct,rmem,1x128B_current,uniform_hash_scattered_pool,0x6a09e667,20,512,384,128,2048,7168,8,128,128,1024,1,15,4.849408,7891159,3758096384,469762048,58720256,1879048192,1879048192,58720256,12.108747,387.479901,387.479901,12.108747,883.938525,1259.309680,0x809d226190dcb7d3
NVIDIA RTX PRO 6000 Blackwell Server Edition,188,wdequant,pf64x2_current_direct,rmem,2x64B_current,uniform_hash_scattered_pool,0x6a09e667,20,512,384,128,2048,7168,8,128,128,1024,1,15,4.638032,7259613,3758096384,469762048,58720256,1879048192,1879048192,58720256,12.660598,405.139121,405.139121,12.660598,924.223620,1316.702144,0x809d226190dcb7d3
NVIDIA RTX PRO 6000 Blackwell Server Edition,188,wdequant,pf128x2_current_lead1_direct,rmem,2x128B_current_lead1,uniform_hash_scattered_pool,0x6a09e667,20,512,384,128,2048,7168,8,128,128,1024,1,15,4.680448,7428907,3758096384,469762048,58720256,1879048192,1879048192,116916224,12.545863,401.467629,401.467629,24.979710,915.848029,1304.769794,0x809d226190dcb7d3
NVIDIA RTX PRO 6000 Blackwell Server Edition,188,wdequant,pf64x4_current_lead1_direct,rmem,4x64B_current_lead1,uniform_hash_scattered_pool,0x6a09e667,20,512,384,128,2048,7168,8,128,128,1024,1,15,4.623888,6967686,3758096384,469762048,58720256,1879048192,1879048192,116916224,12.699325,406.378395,406.378395,25.285263,927.050714,1320.729785,0x809d226190dcb7d3
NVIDIA RTX PRO 6000 Blackwell Server Edition,188,wdequant,pf64x4_current_wait0_lead1_async_direct,rmem,4x64B_current_wait0_lead1_async,uniform_hash_scattered_pool,0x6a09e667,20,512,384,128,2048,7168,8,128,128,1024,1,15,4.689568,7121427,3758096384,469762048,58720256,1879048192,1879048192,116916224,12.521465,400.686879,400.686879,24.931131,914.066943,1302.232357,0x809d226190dcb7d3
NVIDIA RTX PRO 6000 Blackwell Server Edition,188,wdequant,no_pf_tma_smem,smem_then_rmem,none,uniform_hash_scattered_pool,0x6a09e667,20,512,384,128,2048,7168,8,128,128,1024,1,15,5.244672,8503122,3758096384,469762048,58720256,1879048192,58720256,0,11.196174,358.277554,11.196174,0.000000,817.320670,1164.402051,0x809d226190dcb7d3
NVIDIA RTX PRO 6000 Blackwell Server Edition,188,wdequant,pf128_current_tma_smem,smem_then_rmem,1x128B_current,uniform_hash_scattered_pool,0x6a09e667,20,512,384,128,2048,7168,8,128,128,1024,1,15,4.782768,7249199,3758096384,469762048,58720256,1879048192,58720256,58720256,12.277462,392.878788,12.277462,12.277462,896.254735,1276.856060,0x809d226190dcb7d3
NVIDIA RTX PRO 6000 Blackwell Server Edition,188,wdequant,pf64x2_current_tma_smem,smem_then_rmem,2x64B_current,uniform_hash_scattered_pool,0x6a09e667,20,512,384,128,2048,7168,8,128,128,1024,1,15,4.777776,7199177,3758096384,469762048,58720256,1879048192,58720256,58720256,12.290291,393.289322,12.290291,12.290291,897.191266,1278.190297,0x809d226190dcb7d3
NVIDIA RTX PRO 6000 Blackwell Server Edition,188,wdequant,pf128x2_current_lead1_tma_smem,smem_then_rmem,2x128B_current_lead1,uniform_hash_scattered_pool,0x6a09e667,20,512,384,128,2048,7168,8,128,128,1024,1,15,4.797168,7209207,3758096384,469762048,58720256,1879048192,58720256,116916224,12.240609,391.699494,12.240609,24.371927,893.564471,1273.023356,0x809d226190dcb7d3
NVIDIA RTX PRO 6000 Blackwell Server Edition,188,wdequant,pf64x4_current_lead1_tma_smem,smem_then_rmem,4x64B_current_lead1,uniform_hash_scattered_pool,0x6a09e667,20,512,384,128,2048,7168,8,128,128,1024,1,15,4.842080,7268315,3758096384,469762048,58720256,1879048192,58720256,116916224,12.127072,388.066316,12.127072,24.145867,885.276283,1261.215527,0x809d226190dcb7d3
NVIDIA RTX PRO 6000 Blackwell Server Edition,188,wdequant,pf64x4_current_wait0_lead1_async_tma_smem,smem_then_rmem,4x64B_current_wait0_lead1_async,uniform_hash_scattered_pool,0x6a09e667,20,512,384,128,2048,7168,8,128,128,1024,1,15,4.866656,7317484,3758096384,469762048,58720256,1879048192,58720256,116916224,12.065832,386.106615,12.065832,24.023933,880.805716,1254.846499,0x809d226190dcb7d3
NVIDIA RTX PRO 6000 Blackwell Server Edition,188,actcomp,no_pf_direct,rmem,none,uniform_hash_scattered_pool,0x6a09e667,20,512,384,128,2048,7168,8,128,128,1024,1,15,3.980624,7017797,3758096384,469762048,58720256,1879048192,1879048192,0,14.751521,472.048656,472.048656,0.000000,1076.860997,1534.158133,0x3109a210d8c7dbdf
NVIDIA RTX PRO 6000 Blackwell Server Edition,188,actcomp,pf128_current_direct,rmem,1x128B_current,uniform_hash_scattered_pool,0x6a09e667,20,512,384,128,2048,7168,8,128,128,1024,1,15,3.963504,7179397,3758096384,469762048,58720256,1879048192,1879048192,58720256,14.815238,474.087614,474.087614,14.815238,1081.512370,1540.784747,0x3109a210d8c7dbdf
NVIDIA RTX PRO 6000 Blackwell Server Edition,188,actcomp,pf64x2_current_direct,rmem,2x64B_current,uniform_hash_scattered_pool,0x6a09e667,20,512,384,128,2048,7168,8,128,128,1024,1,15,3.973904,7122002,3758096384,469762048,58720256,1879048192,1879048192,58720256,14.776465,472.846885,472.846885,14.776465,1078.681957,1536.752377,0x3109a210d8c7dbdf
NVIDIA RTX PRO 6000 Blackwell Server Edition,188,actcomp,pf128x2_current_lead1_direct,rmem,2x128B_current_lead1,uniform_hash_scattered_pool,0x6a09e667,20,512,384,128,2048,7168,8,128,128,1024,1,15,3.950240,6906467,3758096384,469762048,58720256,1879048192,1879048192,116916224,14.864985,475.679513,475.679513,29.597247,1085.143890,1545.958419,0x3109a210d8c7dbdf
NVIDIA RTX PRO 6000 Blackwell Server Edition,188,actcomp,pf64x4_current_lead1_direct,rmem,4x64B_current_lead1,uniform_hash_scattered_pool,0x6a09e667,20,512,384,128,2048,7168,8,128,128,1024,1,15,3.969712,6859213,3758096384,469762048,58720256,1879048192,1879048192,116916224,14.792070,473.346252,473.346252,29.452069,1079.821137,1538.375318,0x3109a210d8c7dbdf
NVIDIA RTX PRO 6000 Blackwell Server Edition,188,actcomp,pf64x4_current_wait0_lead1_async_direct,rmem,4x64B_current_wait0_lead1_async,uniform_hash_scattered_pool,0x6a09e667,20,512,384,128,2048,7168,8,128,128,1024,1,15,3.971392,6892728,3758096384,469762048,58720256,1879048192,1879048192,116916224,14.785812,473.145998,473.145998,29.439609,1079.364308,1537.724494,0x3109a210d8c7dbdf
NVIDIA RTX PRO 6000 Blackwell Server Edition,188,actcomp,no_pf_tma_smem,smem_then_rmem,none,uniform_hash_scattered_pool,0x6a09e667,20,512,384,128,2048,7168,8,128,128,1024,1,15,4.034224,6935162,3758096384,469762048,58720256,1879048192,58720256,0,14.555529,465.776912,14.555529,0.000000,1062.553581,1513.774965,0x3109a210d8c7dbdf
NVIDIA RTX PRO 6000 Blackwell Server Edition,188,actcomp,pf128_current_tma_smem,smem_then_rmem,1x128B_current,uniform_hash_scattered_pool,0x6a09e667,20,512,384,128,2048,7168,8,128,128,1024,1,15,4.044512,6940125,3758096384,469762048,58720256,1879048192,58720256,58720256,14.518503,464.592091,14.518503,14.518503,1059.850708,1509.924296,0x3109a210d8c7dbdf
NVIDIA RTX PRO 6000 Blackwell Server Edition,188,actcomp,pf64x2_current_tma_smem,smem_then_rmem,2x64B_current,uniform_hash_scattered_pool,0x6a09e667,20,512,384,128,2048,7168,8,128,128,1024,1,15,4.048336,6925475,3758096384,469762048,58720256,1879048192,58720256,58720256,14.504788,464.153217,14.504788,14.504788,1058.849527,1508.497956,0x3109a210d8c7dbdf
NVIDIA RTX PRO 6000 Blackwell Server Edition,188,actcomp,pf128x2_current_lead1_tma_smem,smem_then_rmem,2x128B_current_lead1,uniform_hash_scattered_pool,0x6a09e667,20,512,384,128,2048,7168,8,128,128,1024,1,15,4.029056,6865558,3758096384,469762048,58720256,1879048192,58720256,116916224,14.574197,466.374297,14.574197,29.018267,1063.916364,1515.716464,0x3109a210d8c7dbdf
NVIDIA RTX PRO 6000 Blackwell Server Edition,188,actcomp,pf64x4_current_lead1_tma_smem,smem_then_rmem,4x64B_current_lead1,uniform_hash_scattered_pool,0x6a09e667,20,512,384,128,2048,7168,8,128,128,1024,1,15,4.028544,6887319,3758096384,469762048,58720256,1879048192,58720256,116916224,14.576049,466.433584,14.576049,29.021956,1064.051613,1515.909148,0x3109a210d8c7dbdf
NVIDIA RTX PRO 6000 Blackwell Server Edition,188,actcomp,pf64x4_current_wait0_lead1_async_tma_smem,smem_then_rmem,4x64B_current_wait0_lead1_async,uniform_hash_scattered_pool,0x6a09e667,20,512,384,128,2048,7168,8,128,128,1024,1,15,4.036400,6895804,3758096384,469762048,58720256,1879048192,58720256,116916224,14.547681,465.525782,14.547681,28.965471,1061.980690,1512.958791,0x3109a210d8c7dbdf
NVIDIA RTX PRO 6000 Blackwell Server Edition,188,pure,no_pf_direct,rmem,none,uniform_hash_scattered_pool,0xbb67ae85,20,512,384,128,2048,7168,8,128,128,1024,2,20,3.318112,6048437,3758096384,469762048,58720256,1879048192,1879048192,0,17.696888,566.300429,566.300429,0.000000,1291.872855,1840.476396,0xd10ad7613ee0711d
NVIDIA RTX PRO 6000 Blackwell Server Edition,188,pure,pf128_current_direct,rmem,1x128B_current,uniform_hash_scattered_pool,0xbb67ae85,20,512,384,128,2048,7168,8,128,128,1024,2,20,3.065824,6191969,3758096384,469762048,58720256,1879048192,1879048192,58720256,19.153172,612.901514,612.901514,19.153172,1398.181580,1991.929922,0xd10ad7613ee0711d
NVIDIA RTX PRO 6000 Blackwell Server Edition,188,pure,pf64x2_current_direct,rmem,2x64B_current,uniform_hash_scattered_pool,0xbb67ae85,20,512,384,128,2048,7168,8,128,128,1024,2,20,3.061232,6189347,3758096384,469762048,58720256,1879048192,1879048192,58720256,19.181903,613.820885,613.820885,19.181903,1400.278895,1994.917878,0xd10ad7613ee0711d
NVIDIA RTX PRO 6000 Blackwell Server Edition,188,pure,pf128x2_current_lead1_direct,rmem,2x128B_current_lead1,uniform_hash_scattered_pool,0xbb67ae85,20,512,384,128,2048,7168,8,128,128,1024,2,20,3.065456,6178184,3758096384,469762048,58720256,1879048192,1879048192,116916224,19.155472,612.975115,612.975115,38.139914,1398.349482,1992.169125,0xd10ad7613ee0711d
NVIDIA RTX PRO 6000 Blackwell Server Edition,188,pure,pf64x4_current_lead1_direct,rmem,4x64B_current_lead1,uniform_hash_scattered_pool,0xbb67ae85,20,512,384,128,2048,7168,8,128,128,1024,2,20,3.071360,6184178,3758096384,469762048,58720256,1879048192,1879048192,116916224,19.118649,611.796769,611.796769,38.066596,1395.661379,1988.339499,0xd10ad7613ee0711d
NVIDIA RTX PRO 6000 Blackwell Server Edition,188,pure,pf64x4_current_wait0_lead1_async_direct,rmem,4x64B_current_wait0_lead1_async,uniform_hash_scattered_pool,0xbb67ae85,20,512,384,128,2048,7168,8,128,128,1024,2,20,3.087344,6183916,3758096384,469762048,58720256,1879048192,1879048192,116916224,19.019668,608.629370,608.629370,37.869517,1388.435750,1978.045453,0xd10ad7613ee0711d
NVIDIA RTX PRO 6000 Blackwell Server Edition,188,pure,no_pf_tma_smem,smem_then_rmem,none,uniform_hash_scattered_pool,0xbb67ae85,20,512,384,128,2048,7168,8,128,128,1024,2,20,3.027344,6264575,3758096384,469762048,58720256,1879048192,58720256,0,19.396625,620.691999,19.396625,0.000000,1415.953623,2017.248997,0xd10ad7613ee0711d
NVIDIA RTX PRO 6000 Blackwell Server Edition,188,pure,pf128_current_tma_smem,smem_then_rmem,1x128B_current,uniform_hash_scattered_pool,0xbb67ae85,20,512,384,128,2048,7168,8,128,128,1024,2,20,3.055216,6210365,3758096384,469762048,58720256,1879048192,58720256,58720256,19.219675,615.029606,19.219675,19.219675,1403.036289,1998.846220,0xd10ad7613ee0711d
NVIDIA RTX PRO 6000 Blackwell Server Edition,188,pure,pf64x2_current_tma_smem,smem_then_rmem,2x64B_current,uniform_hash_scattered_pool,0xbb67ae85,20,512,384,128,2048,7168,8,128,128,1024,2,20,3.063104,6192553,3758096384,469762048,58720256,1879048192,58720256,58720256,19.170179,613.445739,19.170179,19.170179,1399.423093,1993.698653,0xd10ad7613ee0711d
NVIDIA RTX PRO 6000 Blackwell Server Edition,188,pure,pf128x2_current_lead1_tma_smem,smem_then_rmem,2x128B_current_lead1,uniform_hash_scattered_pool,0xbb67ae85,20,512,384,128,2048,7168,8,128,128,1024,2,20,3.088800,6214735,3758096384,469762048,58720256,1879048192,58720256,116916224,19.010702,608.342470,19.010702,37.851666,1387.781259,1977.113026,0xd10ad7613ee0711d
NVIDIA RTX PRO 6000 Blackwell Server Edition,188,pure,pf64x4_current_lead1_tma_smem,smem_then_rmem,4x64B_current_lead1,uniform_hash_scattered_pool,0xbb67ae85,20,512,384,128,2048,7168,8,128,128,1024,2,20,3.115760,6241281,3758096384,469762048,58720256,1879048192,58720256,116916224,18.846207,603.078633,18.846207,37.524145,1375.773132,1960.005558,0xd10ad7613ee0711d
NVIDIA RTX PRO 6000 Blackwell Server Edition,188,pure,pf64x4_current_wait0_lead1_async_tma_smem,smem_then_rmem,4x64B_current_wait0_lead1_async,uniform_hash_scattered_pool,0xbb67ae85,20,512,384,128,2048,7168,8,128,128,1024,2,20,3.083040,6178450,3758096384,469762048,58720256,1879048192,58720256,116916224,19.046219,609.479018,19.046219,37.922383,1390.374011,1980.806810,0xd10ad7613ee0711d
NVIDIA RTX PRO 6000 Blackwell Server Edition,188,wdequant,no_pf_direct,rmem,none,uniform_hash_scattered_pool,0xbb67ae85,20,512,384,128,2048,7168,8,128,128,1024,2,20,6.895552,8519304,3758096384,469762048,58720256,1879048192,1879048192,0,8.515672,272.501502,272.501502,0.000000,621.644052,885.629882,0xc8d748c2f6bafec6
NVIDIA RTX PRO 6000 Blackwell Server Edition,188,wdequant,pf128_current_direct,rmem,1x128B_current,uniform_hash_scattered_pool,0xbb67ae85,20,512,384,128,2048,7168,8,128,128,1024,2,20,6.284416,7805729,3758096384,469762048,58720256,1879048192,1879048192,58720256,9.343789,299.001233,299.001233,9.343789,682.096563,971.754007,0xc8d748c2f6bafec6
NVIDIA RTX PRO 6000 Blackwell Server Edition,188,wdequant,pf64x2_current_direct,rmem,2x64B_current,uniform_hash_scattered_pool,0xbb67ae85,20,512,384,128,2048,7168,8,128,128,1024,2,20,6.164336,7195837,3758096384,469762048,58720256,1879048192,1879048192,58720256,9.525804,304.825715,304.825715,9.525804,695.383663,990.683574,0xc8d748c2f6bafec6
NVIDIA RTX PRO 6000 Blackwell Server Edition,188,wdequant,pf128x2_current_lead1_direct,rmem,2x128B_current_lead1,uniform_hash_scattered_pool,0xbb67ae85,20,512,384,128,2048,7168,8,128,128,1024,2,20,6.184560,7211441,3758096384,469762048,58720256,1879048192,1879048192,116916224,9.494654,303.828930,303.828930,18.904534,693.109746,987.444022,0xc8d748c2f6bafec6
NVIDIA RTX PRO 6000 Blackwell Server Edition,188,wdequant,pf64x4_current_lead1_direct,rmem,4x64B_current_lead1,uniform_hash_scattered_pool,0xbb67ae85,20,512,384,128,2048,7168,8,128,128,1024,2,20,6.147472,6973259,3758096384,469762048,58720256,1879048192,1879048192,116916224,9.551935,305.661917,305.661917,19.018585,697.291248,993.401230,0xc8d748c2f6bafec6
NVIDIA RTX PRO 6000 Blackwell Server Edition,188,wdequant,pf64x4_current_wait0_lead1_async_direct,rmem,4x64B_current_wait0_lead1_async,uniform_hash_scattered_pool,0xbb67ae85,20,512,384,128,2048,7168,8,128,128,1024,2,20,6.187824,7142220,3758096384,469762048,58720256,1879048192,1879048192,116916224,9.489645,303.668643,303.668643,18.894561,692.744092,986.923089,0xc8d748c2f6bafec6
NVIDIA RTX PRO 6000 Blackwell Server Edition,188,wdequant,no_pf_tma_smem,smem_then_rmem,none,uniform_hash_scattered_pool,0xbb67ae85,20,512,384,128,2048,7168,8,128,128,1024,2,20,6.512896,8447545,3758096384,469762048,58720256,1879048192,58720256,0,9.015998,288.511927,9.015998,0.000000,658.167833,937.663762,0xc8d748c2f6bafec6
NVIDIA RTX PRO 6000 Blackwell Server Edition,188,wdequant,pf128_current_tma_smem,smem_then_rmem,1x128B_current,uniform_hash_scattered_pool,0xbb67ae85,20,512,384,128,2048,7168,8,128,128,1024,2,20,6.404064,7232993,3758096384,469762048,58720256,1879048192,58720256,58720256,9.169217,293.414953,9.169217,9.169217,669.352862,953.598598,0xc8d748c2f6bafec6
NVIDIA RTX PRO 6000 Blackwell Server Edition,188,wdequant,pf64x2_current_tma_smem,smem_then_rmem,2x64B_current,uniform_hash_scattered_pool,0xbb67ae85,20,512,384,128,2048,7168,8,128,128,1024,2,20,6.418144,7199867,3758096384,469762048,58720256,1879048192,58720256,58720256,9.149102,292.771263,9.149102,9.149102,667.884444,951.506605,0xc8d748c2f6bafec6
NVIDIA RTX PRO 6000 Blackwell Server Edition,188,wdequant,pf128x2_current_lead1_tma_smem,smem_then_rmem,2x128B_current_lead1,uniform_hash_scattered_pool,0xbb67ae85,20,512,384,128,2048,7168,8,128,128,1024,2,20,6.432272,7196373,3758096384,469762048,58720256,1879048192,58720256,116916224,9.129007,292.128225,9.129007,18.176505,666.417514,949.416732,0xc8d748c2f6bafec6
NVIDIA RTX PRO 6000 Blackwell Server Edition,188,wdequant,pf64x4_current_lead1_tma_smem,smem_then_rmem,4x64B_current_lead1,uniform_hash_scattered_pool,0xbb67ae85,20,512,384,128,2048,7168,8,128,128,1024,2,20,6.479536,7266289,3758096384,469762048,58720256,1879048192,58720256,116916224,9.062417,289.997336,9.062417,18.043919,661.556422,942.491341,0xc8d748c2f6bafec6
NVIDIA RTX PRO 6000 Blackwell Server Edition,188,wdequant,pf64x4_current_wait0_lead1_async_tma_smem,smem_then_rmem,4x64B_current_wait0_lead1_async,uniform_hash_scattered_pool,0xbb67ae85,20,512,384,128,2048,7168,8,128,128,1024,2,20,6.522192,7335078,3758096384,469762048,58720256,1879048192,58720256,116916224,9.003147,288.100717,9.003147,17.925910,657.229761,936.327330,0xc8d748c2f6bafec6
NVIDIA RTX PRO 6000 Blackwell Server Edition,188,actcomp,no_pf_direct,rmem,none,uniform_hash_scattered_pool,0xbb67ae85,20,512,384,128,2048,7168,8,128,128,1024,2,20,4.857264,6975000,3758096384,469762048,58720256,1879048192,1879048192,0,12.089163,386.853211,386.853211,0.000000,882.508888,1257.272936,0x88462bac2fafd99a
NVIDIA RTX PRO 6000 Blackwell Server Edition,188,actcomp,pf128_current_direct,rmem,1x128B_current,uniform_hash_scattered_pool,0xbb67ae85,20,512,384,128,2048,7168,8,128,128,1024,2,20,4.422800,7148599,3758096384,469762048,58720256,1879048192,1879048192,58720256,13.276715,424.854880,424.854880,13.276715,969.200196,1380.778361,0x88462bac2fafd99a
NVIDIA RTX PRO 6000 Blackwell Server Edition,188,actcomp,pf64x2_current_direct,rmem,2x64B_current,uniform_hash_scattered_pool,0xbb67ae85,20,512,384,128,2048,7168,8,128,128,1024,2,20,4.416224,7064424,3758096384,469762048,58720256,1879048192,1879048192,58720256,13.296485,425.487518,425.487518,13.296485,970.643402,1382.834435,0x88462bac2fafd99a
NVIDIA RTX PRO 6000 Blackwell Server Edition,188,actcomp,pf128x2_current_lead1_direct,rmem,2x128B_current_lead1,uniform_hash_scattered_pool,0xbb67ae85,20,512,384,128,2048,7168,8,128,128,1024,2,20,4.276224,6840482,3758096384,469762048,58720256,1879048192,1879048192,116916224,13.731800,439.417611,439.417611,27.340995,1002.421424,1428.107234,0x88462bac2fafd99a
NVIDIA RTX PRO 6000 Blackwell Server Edition,188,actcomp,pf64x4_current_lead1_direct,rmem,4x64B_current_lead1,uniform_hash_scattered_pool,0xbb67ae85,20,512,384,128,2048,7168,8,128,128,1024,2,20,4.305552,6807599,3758096384,469762048,58720256,1879048192,1879048192,116916224,13.638264,436.424456,436.424456,27.154758,995.593290,1418.379482,0x88462bac2fafd99a
NVIDIA RTX PRO 6000 Blackwell Server Edition,188,actcomp,pf64x4_current_wait0_lead1_async_direct,rmem,4x64B_current_wait0_lead1_async,uniform_hash_scattered_pool,0xbb67ae85,20,512,384,128,2048,7168,8,128,128,1024,2,20,4.342496,6855827,3758096384,469762048,58720256,1879048192,1879048192,116916224,13.522236,432.711562,432.711562,26.923738,987.123251,1406.312577,0x88462bac2fafd99a
NVIDIA RTX PRO 6000 Blackwell Server Edition,188,actcomp,no_pf_tma_smem,smem_then_rmem,none,uniform_hash_scattered_pool,0xbb67ae85,20,512,384,128,2048,7168,8,128,128,1024,2,20,4.274624,6946232,3758096384,469762048,58720256,1879048192,58720256,0,13.736941,439.582113,13.736941,0.000000,1002.796695,1428.641866,0x88462bac2fafd99a
NVIDIA RTX PRO 6000 Blackwell Server Edition,188,actcomp,pf128_current_tma_smem,smem_then_rmem,1x128B_current,uniform_hash_scattered_pool,0xbb67ae85,20,512,384,128,2048,7168,8,128,128,1024,2,20,4.529712,6954313,3758096384,469762048,58720256,1879048192,58720256,58720256,12.963353,414.827280,12.963353,12.963353,946.324733,1348.188661,0x88462bac2fafd99a
NVIDIA RTX PRO 6000 Blackwell Server Edition,188,actcomp,pf64x2_current_tma_smem,smem_then_rmem,2x64B_current,uniform_hash_scattered_pool,0xbb67ae85,20,512,384,128,2048,7168,8,128,128,1024,2,20,4.562336,6939085,3758096384,469762048,58720256,1879048192,58720256,58720256,12.870656,411.860986,12.870656,12.870656,939.557875,1338.548206,0x88462bac2fafd99a
NVIDIA RTX PRO 6000 Blackwell Server Edition,188,actcomp,pf128x2_current_lead1_tma_smem,smem_then_rmem,2x128B_current_lead1,uniform_hash_scattered_pool,0xbb67ae85,20,512,384,128,2048,7168,8,128,128,1024,2,20,4.540448,6891476,3758096384,469762048,58720256,1879048192,58720256,116916224,12.932700,413.846412,12.932700,25.749930,944.087127,1345.000839,0x88462bac2fafd99a
NVIDIA RTX PRO 6000 Blackwell Server Edition,188,actcomp,pf64x4_current_lead1_tma_smem,smem_then_rmem,4x64B_current_lead1,uniform_hash_scattered_pool,0xbb67ae85,20,512,384,128,2048,7168,8,128,128,1024,2,20,4.602624,6900791,3758096384,469762048,58720256,1879048192,58720256,116916224,12.757996,408.255859,12.757996,25.402081,931.333679,1326.831543,0x88462bac2fafd99a
NVIDIA RTX PRO 6000 Blackwell Server Edition,188,actcomp,pf64x4_current_wait0_lead1_async_tma_smem,smem_then_rmem,4x64B_current_wait0_lead1_async,uniform_hash_scattered_pool,0xbb67ae85,20,512,384,128,2048,7168,8,128,128,1024,2,20,4.650560,6973611,3758096384,469762048,58720256,1879048192,58720256,116916224,12.626490,404.047693,12.626490,25.140244,921.733800,1313.155002,0x88462bac2fafd99a
NVIDIA RTX PRO 6000 Blackwell Server Edition,188,pure,no_pf_direct,rmem,none,uniform_hash_scattered_pool,0x3c6ef372,20,512,384,128,2048,7168,8,128,128,1024,2,17,3.253936,6045693,3758096384,469762048,58720256,1879048192,1879048192,0,18.045916,577.469305,577.469305,0.000000,1317.351853,1876.775243,0xcef7813ae1f1e638
NVIDIA RTX PRO 6000 Blackwell Server Edition,188,pure,pf128_current_direct,rmem,1x128B_current,uniform_hash_scattered_pool,0x3c6ef372,20,512,384,128,2048,7168,8,128,128,1024,2,17,3.082944,6199500,3758096384,469762048,58720256,1879048192,1879048192,58720256,19.046813,609.498013,609.498013,19.046813,1390.417343,1980.868543,0xcef7813ae1f1e638
NVIDIA RTX PRO 6000 Blackwell Server Edition,188,pure,pf64x2_current_direct,rmem,2x64B_current,uniform_hash_scattered_pool,0x3c6ef372,20,512,384,128,2048,7168,8,128,128,1024,2,17,3.084656,6187904,3758096384,469762048,58720256,1879048192,1879048192,58720256,19.036241,609.159722,609.159722,19.036241,1389.645616,1979.769097,0xcef7813ae1f1e638
NVIDIA RTX PRO 6000 Blackwell Server Edition,188,pure,pf128x2_current_lead1_direct,rmem,2x128B_current_lead1,uniform_hash_scattered_pool,0x3c6ef372,20,512,384,128,2048,7168,8,128,128,1024,2,17,3.081520,6192653,3758096384,469762048,58720256,1879048192,1879048192,116916224,19.055614,609.779636,609.779636,37.941088,1391.059794,1981.783816,0xcef7813ae1f1e638
NVIDIA RTX PRO 6000 Blackwell Server Edition,188,pure,pf64x4_current_lead1_direct,rmem,4x64B_current_lead1,uniform_hash_scattered_pool,0x3c6ef372,20,512,384,128,2048,7168,8,128,128,1024,2,17,3.090768,6194015,3758096384,469762048,58720256,1879048192,1879048192,116916224,18.998598,607.955135,607.955135,37.827566,1386.897652,1975.854189,0xcef7813ae1f1e638
NVIDIA RTX PRO 6000 Blackwell Server Edition,188,pure,pf64x4_current_wait0_lead1_async_direct,rmem,4x64B_current_wait0_lead1_async,uniform_hash_scattered_pool,0x3c6ef372,20,512,384,128,2048,7168,8,128,128,1024,2,17,3.108304,6193206,3758096384,469762048,58720256,1879048192,1879048192,116916224,18.891413,604.525226,604.525226,37.614153,1379.073171,1964.706984,0xcef7813ae1f1e638
NVIDIA RTX PRO 6000 Blackwell Server Edition,188,pure,no_pf_tma_smem,smem_then_rmem,none,uniform_hash_scattered_pool,0x3c6ef372,20,512,384,128,2048,7168,8,128,128,1024,2,17,3.028304,6267718,3758096384,469762048,58720256,1879048192,58720256,0,19.390475,620.495211,19.390475,0.000000,1415.504700,2016.609436,0xcef7813ae1f1e638
NVIDIA RTX PRO 6000 Blackwell Server Edition,188,pure,pf128_current_tma_smem,smem_then_rmem,1x128B_current,uniform_hash_scattered_pool,0x3c6ef372,20,512,384,128,2048,7168,8,128,128,1024,2,17,3.049104,6210609,3758096384,469762048,58720256,1879048192,58720256,58720256,19.258201,616.262419,19.258201,19.258201,1405.848644,2002.852862,0xcef7813ae1f1e638
NVIDIA RTX PRO 6000 Blackwell Server Edition,188,pure,pf64x2_current_tma_smem,smem_then_rmem,2x64B_current,uniform_hash_scattered_pool,0x3c6ef372,20,512,384,128,2048,7168,8,128,128,1024,2,17,3.057248,6203502,3758096384,469762048,58720256,1879048192,58720256,58720256,19.206899,614.620770,19.206899,19.206899,1402.103632,1997.517504,0xcef7813ae1f1e638
NVIDIA RTX PRO 6000 Blackwell Server Edition,188,pure,pf128x2_current_lead1_tma_smem,smem_then_rmem,2x128B_current_lead1,uniform_hash_scattered_pool,0x3c6ef372,20,512,384,128,2048,7168,8,128,128,1024,2,17,3.084224,6232403,3758096384,469762048,58720256,1879048192,58720256,116916224,19.038908,609.245049,19.038908,37.907825,1389.840267,1980.046408,0xcef7813ae1f1e638
NVIDIA RTX PRO 6000 Blackwell Server Edition,188,pure,pf64x4_current_lead1_tma_smem,smem_then_rmem,4x64B_current_lead1,uniform_hash_scattered_pool,0x3c6ef372,20,512,384,128,2048,7168,8,128,128,1024,2,17,3.103392,6237826,3758096384,469762048,58720256,1879048192,58720256,116916224,18.921314,605.482039,18.921314,37.673687,1381.255902,1967.816628,0xcef7813ae1f1e638
NVIDIA RTX PRO 6000 Blackwell Server Edition,188,pure,pf64x4_current_wait0_lead1_async_tma_smem,smem_then_rmem,4x64B_current_wait0_lead1_async,uniform_hash_scattered_pool,0x3c6ef372,20,512,384,128,2048,7168,8,128,128,1024,2,17,3.067744,6183236,3758096384,469762048,58720256,1879048192,58720256,116916224,19.141185,612.517923,19.141185,38.111467,1397.306511,1990.683248,0xcef7813ae1f1e638
NVIDIA RTX PRO 6000 Blackwell Server Edition,188,wdequant,no_pf_direct,rmem,none,uniform_hash_scattered_pool,0x3c6ef372,20,512,384,128,2048,7168,8,128,128,1024,2,17,6.894240,8675896,3758096384,469762048,58720256,1879048192,1879048192,0,8.517292,272.553333,272.553333,0.000000,621.762290,885.798331,0x7e2568777b6b567e
NVIDIA RTX PRO 6000 Blackwell Server Edition,188,wdequant,pf128_current_direct,rmem,1x128B_current,uniform_hash_scattered_pool,0x3c6ef372,20,512,384,128,2048,7168,8,128,128,1024,2,17,6.258704,7779849,3758096384,469762048,58720256,1879048192,1879048192,58720256,9.382175,300.229590,300.229590,9.382175,684.898752,975.746168,0x7e2568777b6b567e
NVIDIA RTX PRO 6000 Blackwell Server Edition,188,wdequant,pf64x2_current_direct,rmem,2x64B_current,uniform_hash_scattered_pool,0x3c6ef372,20,512,384,128,2048,7168,8,128,128,1024,2,17,6.149232,7215082,3758096384,469762048,58720256,1879048192,1879048192,58720256,9.549202,305.574455,305.574455,9.549202,697.091726,993.116980,0x7e2568777b6b567e
NVIDIA RTX PRO 6000 Blackwell Server Edition,188,wdequant,pf128x2_current_lead1_direct,rmem,2x128B_current_lead1,uniform_hash_scattered_pool,0x3c6ef372,20,512,384,128,2048,7168,8,128,128,1024,2,17,6.155696,7214734,3758096384,469762048,58720256,1879048192,1879048192,116916224,9.539174,305.253576,305.253576,18.993177,696.359721,992.074123,0x7e2568777b6b567e
NVIDIA RTX PRO 6000 Blackwell Server Edition,188,wdequant,pf64x4_current_lead1_direct,rmem,4x64B_current_lead1,uniform_hash_scattered_pool,0x3c6ef372,20,512,384,128,2048,7168,8,128,128,1024,2,17,6.109536,6954510,3758096384,469762048,58720256,1879048192,1879048192,116916224,9.611246,307.559877,307.559877,19.136678,701.620969,999.569600,0x7e2568777b6b567e
NVIDIA RTX PRO 6000 Blackwell Server Edition,188,wdequant,pf64x4_current_wait0_lead1_async_direct,rmem,4x64B_current_wait0_lead1_async,uniform_hash_scattered_pool,0x3c6ef372,20,512,384,128,2048,7168,8,128,128,1024,2,17,6.151184,7141235,3758096384,469762048,58720256,1879048192,1879048192,116916224,9.546171,305.477477,305.477477,19.007109,696.870494,992.801799,0x7e2568777b6b567e
NVIDIA RTX PRO 6000 Blackwell Server Edition,188,wdequant,no_pf_tma_smem,smem_then_rmem,none,uniform_hash_scattered_pool,0x3c6ef372,20,512,384,128,2048,7168,8,128,128,1024,2,17,6.508112,8599150,3758096384,469762048,58720256,1879048192,58720256,0,9.022625,288.724012,9.022625,0.000000,658.651652,938.353038,0x7e2568777b6b567e
NVIDIA RTX PRO 6000 Blackwell Server Edition,188,wdequant,pf128_current_tma_smem,smem_then_rmem,1x128B_current,uniform_hash_scattered_pool,0x3c6ef372,20,512,384,128,2048,7168,8,128,128,1024,2,17,6.354544,7261042,3758096384,469762048,58720256,1879048192,58720256,58720256,9.240672,295.701515,9.240672,9.240672,674.569080,961.029922,0x7e2568777b6b567e
NVIDIA RTX PRO 6000 Blackwell Server Edition,188,wdequant,pf64x2_current_tma_smem,smem_then_rmem,2x64B_current,uniform_hash_scattered_pool,0x3c6ef372,20,512,384,128,2048,7168,8,128,128,1024,2,17,6.354768,7204602,3758096384,469762048,58720256,1879048192,58720256,58720256,9.240346,295.691086,9.240346,9.240346,674.545290,960.996030,0x7e2568777b6b567e
NVIDIA RTX PRO 6000 Blackwell Server Edition,188,wdequant,pf128x2_current_lead1_tma_smem,smem_then_rmem,2x128B_current_lead1,uniform_hash_scattered_pool,0x3c6ef372,20,512,384,128,2048,7168,8,128,128,1024,2,17,6.373072,7207499,3758096384,469762048,58720256,1879048192,58720256,116916224,9.213808,294.841842,9.213808,18.345349,672.607953,958.235987,0x7e2568777b6b567e
NVIDIA RTX PRO 6000 Blackwell Server Edition,188,wdequant,pf64x4_current_lead1_tma_smem,smem_then_rmem,4x64B_current_lead1,uniform_hash_scattered_pool,0x3c6ef372,20,512,384,128,2048,7168,8,128,128,1024,2,17,6.415616,7272231,3758096384,469762048,58720256,1879048192,58720256,116916224,9.152707,292.886635,9.152707,18.223694,668.147636,951.881564,0x7e2568777b6b567e
NVIDIA RTX PRO 6000 Blackwell Server Edition,188,wdequant,pf64x4_current_wait0_lead1_async_tma_smem,smem_then_rmem,4x64B_current_wait0_lead1_async,uniform_hash_scattered_pool,0x3c6ef372,20,512,384,128,2048,7168,8,128,128,1024,2,17,6.451840,7328432,3758096384,469762048,58720256,1879048192,58720256,116916224,9.101319,291.242221,9.101319,18.121377,664.396318,946.537220,0x7e2568777b6b567e
NVIDIA RTX PRO 6000 Blackwell Server Edition,188,actcomp,no_pf_direct,rmem,none,uniform_hash_scattered_pool,0x3c6ef372,20,512,384,128,2048,7168,8,128,128,1024,2,17,4.756800,7044416,3758096384,469762048,58720256,1879048192,1879048192,0,12.344488,395.023611,395.023611,0.000000,901.147612,1283.826735,0xfcdde9e86295b672
NVIDIA RTX PRO 6000 Blackwell Server Edition,188,actcomp,pf128_current_direct,rmem,1x128B_current,uniform_hash_scattered_pool,0x3c6ef372,20,512,384,128,2048,7168,8,128,128,1024,2,17,4.407824,7179466,3758096384,469762048,58720256,1879048192,1879048192,58720256,13.321824,426.298367,426.298367,13.321824,972.493151,1385.469694,0xfcdde9e86295b672
NVIDIA RTX PRO 6000 Blackwell Server Edition,188,actcomp,pf64x2_current_direct,rmem,2x64B_current,uniform_hash_scattered_pool,0x3c6ef372,20,512,384,128,2048,7168,8,128,128,1024,2,17,4.386528,7099569,3758096384,469762048,58720256,1879048192,1879048192,58720256,13.386500,428.367991,428.367991,13.386500,977.214479,1392.195970,0xfcdde9e86295b672
NVIDIA RTX PRO 6000 Blackwell Server Edition,188,actcomp,pf128x2_current_lead1_direct,rmem,2x128B_current_lead1,uniform_hash_scattered_pool,0x3c6ef372,20,512,384,128,2048,7168,8,128,128,1024,2,17,4.300464,6920167,3758096384,469762048,58720256,1879048192,1879048192,116916224,13.654401,436.940836,436.940836,27.186888,996.771281,1420.057716,0xfcdde9e86295b672
NVIDIA RTX PRO 6000 Blackwell Server Edition,188,actcomp,pf64x4_current_lead1_direct,rmem,4x64B_current_lead1,uniform_hash_scattered_pool,0x3c6ef372,20,512,384,128,2048,7168,8,128,128,1024,2,17,4.294448,6853620,3758096384,469762048,58720256,1879048192,1879048192,116916224,13.673529,437.552914,437.552914,27.224972,998.167585,1422.046970,0xfcdde9e86295b672
NVIDIA RTX PRO 6000 Blackwell Server Edition,188,actcomp,pf64x4_current_wait0_lead1_async_direct,rmem,4x64B_current_wait0_lead1_async,uniform_hash_scattered_pool,0x3c6ef372,20,512,384,128,2048,7168,8,128,128,1024,2,17,4.326000,6902896,3758096384,469762048,58720256,1879048192,1879048192,116916224,13.573799,434.361558,434.361558,27.026403,990.887304,1411.675063,0xfcdde9e86295b672
NVIDIA RTX PRO 6000 Blackwell Server Edition,188,actcomp,no_pf_tma_smem,smem_then_rmem,none,uniform_hash_scattered_pool,0x3c6ef372,20,512,384,128,2048,7168,8,128,128,1024,2,17,4.276928,7007423,3758096384,469762048,58720256,1879048192,58720256,0,13.729541,439.345300,13.729541,0.000000,1002.256465,1427.872225,0xfcdde9e86295b672
NVIDIA RTX PRO 6000 Blackwell Server Edition,188,actcomp,pf128_current_tma_smem,smem_then_rmem,1x128B_current,uniform_hash_scattered_pool,0x3c6ef372,20,512,384,128,2048,7168,8,128,128,1024,2,17,4.451984,7001285,3758096384,469762048,58720256,1879048192,58720256,58720256,13.189683,422.069851,13.189683,13.189683,962.846847,1371.727015,0xfcdde9e86295b672
NVIDIA RTX PRO 6000 Blackwell Server Edition,188,actcomp,pf64x2_current_tma_smem,smem_then_rmem,2x64B_current,uniform_hash_scattered_pool,0x3c6ef372,20,512,384,128,2048,7168,8,128,128,1024,2,17,4.479696,6986282,3758096384,469762048,58720256,1879048192,58720256,58720256,13.108089,419.458838,13.108089,13.108089,956.890473,1363.241222,0xfcdde9e86295b672
NVIDIA RTX PRO 6000 Blackwell Server Edition,188,actcomp,pf128x2_current_lead1_tma_smem,smem_then_rmem,2x128B_current_lead1,uniform_hash_scattered_pool,0x3c6ef372,20,512,384,128,2048,7168,8,128,128,1024,2,17,4.459184,6925671,3758096384,469762048,58720256,1879048192,58720256,116916224,13.168387,421.388380,13.168387,26.219199,961.292242,1369.512235,0xfcdde9e86295b672
NVIDIA RTX PRO 6000 Blackwell Server Edition,188,actcomp,pf64x4_current_lead1_tma_smem,smem_then_rmem,4x64B_current_lead1,uniform_hash_scattered_pool,0x3c6ef372,20,512,384,128,2048,7168,8,128,128,1024,2,17,4.517744,6955541,3758096384,469762048,58720256,1879048192,58720256,116916224,12.997694,415.926216,12.997694,25.879338,948.831679,1351.760201,0xfcdde9e86295b672
NVIDIA RTX PRO 6000 Blackwell Server Edition,188,actcomp,pf64x4_current_wait0_lead1_async_tma_smem,smem_then_rmem,4x64B_current_wait0_lead1_async,uniform_hash_scattered_pool,0x3c6ef372,20,512,384,128,2048,7168,8,128,128,1024,2,17,4.562960,7025710,3758096384,469762048,58720256,1879048192,58720256,116916224,12.868897,411.804690,12.868897,25.622892,939.429449,1338.365242,0xfcdde9e86295b672
NVIDIA RTX PRO 6000 Blackwell Server Edition,188,pure,no_pf_direct,rmem,none,uniform_hash_scattered_pool,0x6a09e667,20,512,384,128,2048,7168,8,384,356,1024,1,8,7.736880,8834791,10452205568,1306525696,58720256,1879048192,1879048192,0,7.589655,242.868975,242.868975,0.000000,1527.418166,1762.697486,0x7a89601c5b1649f1
NVIDIA RTX PRO 6000 Blackwell Server Edition,188,pure,pf128_current_direct,rmem,1x128B_current,uniform_hash_scattered_pool,0x6a09e667,20,512,384,128,2048,7168,8,384,356,1024,1,8,7.776784,8896292,10452205568,1306525696,58720256,1879048192,1879048192,58720256,7.550712,241.622785,241.622785,7.550712,1519.580794,1753.652867,0x7a89601c5b1649f1
NVIDIA RTX PRO 6000 Blackwell Server Edition,188,pure,pf64x2_current_direct,rmem,2x64B_current,uniform_hash_scattered_pool,0x6a09e667,20,512,384,128,2048,7168,8,384,356,1024,1,8,7.773872,8884196,10452205568,1306525696,58720256,1879048192,1879048192,58720256,7.553540,241.713295,241.713295,7.553540,1520.150020,1754.309774,0x7a89601c5b1649f1
NVIDIA RTX PRO 6000 Blackwell Server Edition,188,pure,pf128x2_current_lead1_direct,rmem,2x128B_current_lead1,uniform_hash_scattered_pool,0x6a09e667,20,512,384,128,2048,7168,8,384,356,1024,1,8,7.783632,8853662,10452205568,1306525696,58720256,1879048192,1879048192,116916224,7.544069,241.410196,241.410196,15.020779,1518.243809,1752.109936,0x7a89601c5b1649f1
NVIDIA RTX PRO 6000 Blackwell Server Edition,188,pure,pf64x4_current_lead1_direct,rmem,4x64B_current_lead1,uniform_hash_scattered_pool,0x6a09e667,20,512,384,128,2048,7168,8,384,356,1024,1,8,7.772688,8853542,10452205568,1306525696,58720256,1879048192,1879048192,116916224,7.554691,241.750114,241.750114,15.041930,1520.381579,1754.577002,0x7a89601c5b1649f1
NVIDIA RTX PRO 6000 Blackwell Server Edition,188,pure,pf64x4_current_wait0_lead1_async_direct,rmem,4x64B_current_wait0_lead1_async,uniform_hash_scattered_pool,0x6a09e667,20,512,384,128,2048,7168,8,384,356,1024,1,8,7.769520,8887972,10452205568,1306525696,58720256,1879048192,1879048192,116916224,7.557772,241.848691,241.848691,15.048063,1521.001531,1755.292450,0x7a89601c5b1649f1
NVIDIA RTX PRO 6000 Blackwell Server Edition,188,pure,no_pf_tma_smem,smem_then_rmem,none,uniform_hash_scattered_pool,0x6a09e667,20,512,384,128,2048,7168,8,384,356,1024,1,8,7.737072,9044810,10452205568,1306525696,58720256,1879048192,58720256,0,7.589467,242.862958,7.589467,0.000000,1527.380323,1762.653814,0x7a89601c5b1649f1
NVIDIA RTX PRO 6000 Blackwell Server Edition,188,pure,pf128_current_tma_smem,smem_then_rmem,1x128B_current,uniform_hash_scattered_pool,0x6a09e667,20,512,384,128,2048,7168,8,384,356,1024,1,8,7.762720,8974050,10452205568,1306525696,58720256,1879048192,58720256,58720256,7.564392,242.060536,7.564392,7.564392,1522.333841,1756.829986,0x7a89601c5b1649f1
NVIDIA RTX PRO 6000 Blackwell Server Edition,188,pure,pf64x2_current_tma_smem,smem_then_rmem,2x64B_current,uniform_hash_scattered_pool,0x6a09e667,20,512,384,128,2048,7168,8,384,356,1024,1,8,7.759552,8961561,10452205568,1306525696,58720256,1879048192,58720256,58720256,7.567480,242.159366,7.567480,7.567480,1522.955387,1757.547272,0x7a89601c5b1649f1
NVIDIA RTX PRO 6000 Blackwell Server Edition,188,pure,pf128x2_current_lead1_tma_smem,smem_then_rmem,2x128B_current_lead1,uniform_hash_scattered_pool,0x6a09e667,20,512,384,128,2048,7168,8,384,356,1024,1,8,7.765824,8962512,10452205568,1306525696,58720256,1879048192,58720256,116916224,7.561369,241.963793,7.561369,15.055225,1521.725417,1756.127841,0x7a89601c5b1649f1
NVIDIA RTX PRO 6000 Blackwell Server Edition,188,pure,pf64x4_current_lead1_tma_smem,smem_then_rmem,4x64B_current_lead1,uniform_hash_scattered_pool,0x6a09e667,20,512,384,128,2048,7168,8,384,356,1024,1,8,7.772336,8972504,10452205568,1306525696,58720256,1879048192,58720256,116916224,7.555033,241.761060,7.555033,15.042611,1520.450417,1754.656444,0x7a89601c5b1649f1
NVIDIA RTX PRO 6000 Blackwell Server Edition,188,pure,pf64x4_current_wait0_lead1_async_tma_smem,smem_then_rmem,4x64B_current_wait0_lead1_async,uniform_hash_scattered_pool,0x6a09e667,20,512,384,128,2048,7168,8,384,356,1024,1,8,7.779008,8956609,10452205568,1306525696,58720256,1879048192,58720256,116916224,7.548553,241.553706,7.548553,15.029709,1519.146356,1753.151509,0x7a89601c5b1649f1
NVIDIA RTX PRO 6000 Blackwell Server Edition,188,wdequant,no_pf_direct,rmem,none,uniform_hash_scattered_pool,0x6a09e667,20,512,384,128,2048,7168,8,384,356,1024,1,8,10.367439,12318986,10452205568,1306525696,58720256,1879048192,1879048192,0,5.663911,181.245160,181.245160,0.000000,1139.862141,1315.443390,0x9819c2934d0ec0bc
NVIDIA RTX PRO 6000 Blackwell Server Edition,188,wdequant,pf128_current_direct,rmem,1x128B_current,uniform_hash_scattered_pool,0x6a09e667,20,512,384,128,2048,7168,8,384,356,1024,1,8,10.088177,12249505,10452205568,1306525696,58720256,1879048192,1879048192,58720256,5.820701,186.262418,186.262418,5.820701,1171.415989,1351.857707,0x9819c2934d0ec0bc
NVIDIA RTX PRO 6000 Blackwell Server Edition,188,wdequant,pf64x2_current_direct,rmem,2x64B_current,uniform_hash_scattered_pool,0x6a09e667,20,512,384,128,2048,7168,8,384,356,1024,1,8,9.814144,11859610,10452205568,1306525696,58720256,1879048192,1879048192,58720256,5.983227,191.463276,191.463276,5.983227,1204.124512,1389.604561,0x9819c2934d0ec0bc
NVIDIA RTX PRO 6000 Blackwell Server Edition,188,wdequant,pf128x2_current_lead1_direct,rmem,2x128B_current_lead1,uniform_hash_scattered_pool,0x6a09e667,20,512,384,128,2048,7168,8,384,356,1024,1,8,9.681200,11759960,10452205568,1306525696,58720256,1879048192,1879048192,116916224,6.065390,194.092487,194.092487,12.076625,1220.659783,1408.686879,0x9819c2934d0ec0bc
NVIDIA RTX PRO 6000 Blackwell Server Edition,188,wdequant,pf64x4_current_lead1_direct,rmem,4x64B_current_lead1,uniform_hash_scattered_pool,0x6a09e667,20,512,384,128,2048,7168,8,384,356,1024,1,8,9.378416,11391343,10452205568,1306525696,58720256,1879048192,1879048192,116916224,6.261213,200.358800,200.358800,12.466521,1260.069018,1454.166606,0x9819c2934d0ec0bc
NVIDIA RTX PRO 6000 Blackwell Server Edition,188,wdequant,pf64x4_current_wait0_lead1_async_direct,rmem,4x64B_current_wait0_lead1_async,uniform_hash_scattered_pool,0x6a09e667,20,512,384,128,2048,7168,8,384,356,1024,1,8,9.739392,11622491,10452205568,1306525696,58720256,1879048192,1879048192,116916224,6.029150,192.932797,192.932797,12.004468,1213.366417,1400.270064,0x9819c2934d0ec0bc
NVIDIA RTX PRO 6000 Blackwell Server Edition,188,wdequant,no_pf_tma_smem,smem_then_rmem,none,uniform_hash_scattered_pool,0x6a09e667,20,512,384,128,2048,7168,8,384,356,1024,1,8,10.562256,12770023,10452205568,1306525696,58720256,1879048192,58720256,0,5.559443,177.902166,5.559443,0.000000,1118.837839,1291.180562,0x9819c2934d0ec0bc
NVIDIA RTX PRO 6000 Blackwell Server Edition,188,wdequant,pf128_current_tma_smem,smem_then_rmem,1x128B_current,uniform_hash_scattered_pool,0x6a09e667,20,512,384,128,2048,7168,8,384,356,1024,1,8,8.657968,10748462,10452205568,1306525696,58720256,1879048192,58720256,58720256,6.782222,217.031096,6.782222,6.782222,1364.922128,1575.171003,0x9819c2934d0ec0bc
NVIDIA RTX PRO 6000 Blackwell Server Edition,188,wdequant,pf64x2_current_tma_smem,smem_then_rmem,2x64B_current,uniform_hash_scattered_pool,0x6a09e667,20,512,384,128,2048,7168,8,384,356,1024,1,8,8.510896,10612432,10452205568,1306525696,58720256,1879048192,58720256,58720256,6.899421,220.781484,6.899421,6.899421,1388.508554,1602.390617,0x9819c2934d0ec0bc
NVIDIA RTX PRO 6000 Blackwell Server Edition,188,wdequant,pf128x2_current_lead1_tma_smem,smem_then_rmem,2x128B_current_lead1,uniform_hash_scattered_pool,0x6a09e667,20,512,384,128,2048,7168,8,384,356,1024,1,8,8.409552,10535962,10452205568,1306525696,58720256,1879048192,58720256,116916224,6.982567,223.442138,6.982567,13.902789,1405.241570,1621.701141,0x9819c2934d0ec0bc
NVIDIA RTX PRO 6000 Blackwell Server Edition,188,wdequant,pf64x4_current_lead1_tma_smem,smem_then_rmem,4x64B_current_lead1,uniform_hash_scattered_pool,0x6a09e667,20,512,384,128,2048,7168,8,384,356,1024,1,8,8.354976,10468885,10452205568,1306525696,58720256,1879048192,58720256,116916224,7.028178,224.901694,7.028178,13.993604,1414.420813,1632.294329,0x9819c2934d0ec0bc
NVIDIA RTX PRO 6000 Blackwell Server Edition,188,wdequant,pf64x4_current_wait0_lead1_async_tma_smem,smem_then_rmem,4x64B_current_wait0_lead1_async,uniform_hash_scattered_pool,0x6a09e667,20,512,384,128,2048,7168,8,384,356,1024,1,8,7.772448,9767709,10452205568,1306525696,58720256,1879048192,58720256,116916224,7.554925,241.757589,7.554925,15.042395,1520.428589,1754.631254,0x9819c2934d0ec0bc
NVIDIA RTX PRO 6000 Blackwell Server Edition,188,actcomp,no_pf_direct,rmem,none,uniform_hash_scattered_pool,0x6a09e667,20,512,384,128,2048,7168,8,384,356,1024,1,8,9.194927,10918443,10452205568,1306525696,58720256,1879048192,1879048192,0,6.386158,204.357049,204.357049,0.000000,1285.214254,1483.185145,0x7ae620bbfcffa00d
NVIDIA RTX PRO 6000 Blackwell Server Edition,188,actcomp,pf128_current_direct,rmem,1x128B_current,uniform_hash_scattered_pool,0x6a09e667,20,512,384,128,2048,7168,8,384,356,1024,1,8,9.408943,11706526,10452205568,1306525696,58720256,1879048192,1879048192,58720256,6.240898,199.708741,199.708741,6.240898,1255.980751,1449.448594,0x7ae620bbfcffa00d
NVIDIA RTX PRO 6000 Blackwell Server Edition,188,actcomp,pf64x2_current_direct,rmem,2x64B_current,uniform_hash_scattered_pool,0x6a09e667,20,512,384,128,2048,7168,8,384,356,1024,1,8,9.369264,11515425,10452205568,1306525696,58720256,1879048192,1879048192,58720256,6.267329,200.554522,200.554522,6.267329,1261.299923,1455.587116,0x7ae620bbfcffa00d
NVIDIA RTX PRO 6000 Blackwell Server Edition,188,actcomp,pf128x2_current_lead1_direct,rmem,2x128B_current_lead1,uniform_hash_scattered_pool,0x6a09e667,20,512,384,128,2048,7168,8,384,356,1024,1,8,9.040192,10966782,10452205568,1306525696,58720256,1879048192,1879048192,116916224,6.495466,207.854907,207.854907,12.932936,1307.212499,1508.571940,0x7ae620bbfcffa00d
NVIDIA RTX PRO 6000 Blackwell Server Edition,188,actcomp,pf64x4_current_lead1_direct,rmem,4x64B_current_lead1,uniform_hash_scattered_pool,0x6a09e667,20,512,384,128,2048,7168,8,384,356,1024,1,8,8.977760,10850480,10452205568,1306525696,58720256,1879048192,1879048192,116916224,6.540635,209.300329,209.300329,13.022872,1316.302853,1519.062548,0x7ae620bbfcffa00d
NVIDIA RTX PRO 6000 Blackwell Server Edition,188,actcomp,pf64x4_current_wait0_lead1_async_direct,rmem,4x64B_current_wait0_lead1_async,uniform_hash_scattered_pool,0x6a09e667,20,512,384,128,2048,7168,8,384,356,1024,1,8,9.068064,10968974,10452205568,1306525696,58720256,1879048192,1879048192,116916224,6.475501,207.216033,207.216033,12.893185,1303.194581,1503.935113,0x7ae620bbfcffa00d
NVIDIA RTX PRO 6000 Blackwell Server Edition,188,actcomp,no_pf_tma_smem,smem_then_rmem,none,uniform_hash_scattered_pool,0x6a09e667,20,512,384,128,2048,7168,8,384,356,1024,1,8,9.030544,11077035,10452205568,1306525696,58720256,1879048192,58720256,0,6.502405,208.076959,6.502405,0.000000,1308.609000,1510.183554,0x7ae620bbfcffa00d
NVIDIA RTX PRO 6000 Blackwell Server Edition,188,actcomp,pf128_current_tma_smem,smem_then_rmem,1x128B_current,uniform_hash_scattered_pool,0x6a09e667,20,512,384,128,2048,7168,8,384,356,1024,1,8,9.039712,10989030,10452205568,1306525696,58720256,1879048192,58720256,58720256,6.495811,207.865937,6.495811,6.495811,1307.281867,1508.651993,0x7ae620bbfcffa00d
NVIDIA RTX PRO 6000 Blackwell Server Edition,188,actcomp,pf64x2_current_tma_smem,smem_then_rmem,2x64B_current,uniform_hash_scattered_pool,0x6a09e667,20,512,384,128,2048,7168,8,384,356,1024,1,8,9.008801,10918264,10452205568,1306525696,58720256,1879048192,58720256,58720256,6.518099,208.579177,6.518099,6.518099,1311.767478,1513.828555,0x7ae620bbfcffa00d
NVIDIA RTX PRO 6000 Blackwell Server Edition,188,actcomp,pf128x2_current_lead1_tma_smem,smem_then_rmem,2x128B_current_lead1,uniform_hash_scattered_pool,0x6a09e667,20,512,384,128,2048,7168,8,384,356,1024,1,8,8.970800,10854047,10452205568,1306525696,58720256,1879048192,58720256,116916224,6.545710,209.462713,6.545710,13.032976,1317.324095,1520.241099,0x7ae620bbfcffa00d
NVIDIA RTX PRO 6000 Blackwell Server Edition,188,actcomp,pf64x4_current_lead1_tma_smem,smem_then_rmem,4x64B_current_lead1,uniform_hash_scattered_pool,0x6a09e667,20,512,384,128,2048,7168,8,384,356,1024,1,8,8.994400,10839022,10452205568,1306525696,58720256,1879048192,58720256,116916224,6.528535,208.913122,6.528535,12.998780,1313.867683,1516.252270,0x7ae620bbfcffa00d
NVIDIA RTX PRO 6000 Blackwell Server Edition,188,actcomp,pf64x4_current_wait0_lead1_async_tma_smem,smem_then_rmem,4x64B_current_wait0_lead1_async,uniform_hash_scattered_pool,0x6a09e667,20,512,384,128,2048,7168,8,384,356,1024,1,8,8.557664,10283194,10452205568,1306525696,58720256,1879048192,58720256,116916224,6.861716,219.574899,6.861716,13.662166,1380.920264,1593.633448,0x7ae620bbfcffa00d
NVIDIA RTX PRO 6000 Blackwell Server Edition,188,pure,no_pf_direct,rmem,none,uniform_hash_scattered_pool,0xbb67ae85,20,512,384,128,2048,7168,8,384,364,1024,1,11,7.919920,9258041,10687086592,1335885824,58720256,1879048192,1879048192,0,7.414249,237.255957,237.255957,0.000000,1525.481662,1755.323370,0x20e2b2dca27f8eed
NVIDIA RTX PRO 6000 Blackwell Server Edition,188,pure,pf128_current_direct,rmem,1x128B_current,uniform_hash_scattered_pool,0xbb67ae85,20,512,384,128,2048,7168,8,384,364,1024,1,11,7.962720,9411959,10687086592,1335885824,58720256,1879048192,1879048192,58720256,7.374397,235.980696,235.980696,7.374397,1517.282134,1745.888434,0x20e2b2dca27f8eed
NVIDIA RTX PRO 6000 Blackwell Server Edition,188,pure,pf64x2_current_direct,rmem,2x64B_current,uniform_hash_scattered_pool,0xbb67ae85,20,512,384,128,2048,7168,8,384,364,1024,1,11,7.950624,9406463,10687086592,1335885824,58720256,1879048192,1879048192,58720256,7.385616,236.339713,236.339713,7.385616,1519.590499,1748.544596,0x20e2b2dca27f8eed
NVIDIA RTX PRO 6000 Blackwell Server Edition,188,pure,pf128x2_current_lead1_direct,rmem,2x128B_current_lead1,uniform_hash_scattered_pool,0xbb67ae85,20,512,384,128,2048,7168,8,384,364,1024,1,11,7.952256,9383614,10687086592,1335885824,58720256,1879048192,1879048192,116916224,7.384100,236.291204,236.291204,14.702271,1519.278600,1748.185704,0x20e2b2dca27f8eed
NVIDIA RTX PRO 6000 Blackwell Server Edition,188,pure,pf64x4_current_lead1_direct,rmem,4x64B_current_lead1,uniform_hash_scattered_pool,0xbb67ae85,20,512,384,128,2048,7168,8,384,364,1024,1,11,7.976976,9409466,10687086592,1335885824,58720256,1879048192,1879048192,116916224,7.361217,235.558951,235.558951,14.656709,1514.570443,1742.768177,0x20e2b2dca27f8eed
NVIDIA RTX PRO 6000 Blackwell Server Edition,188,pure,pf64x4_current_wait0_lead1_async_direct,rmem,4x64B_current_wait0_lead1_async,uniform_hash_scattered_pool,0xbb67ae85,20,512,384,128,2048,7168,8,384,364,1024,1,11,7.955088,9413540,10687086592,1335885824,58720256,1879048192,1879048192,116916224,7.381472,236.207101,236.207101,14.697038,1518.737842,1747.563471,0x20e2b2dca27f8eed
NVIDIA RTX PRO 6000 Blackwell Server Edition,188,pure,no_pf_tma_smem,smem_then_rmem,none,uniform_hash_scattered_pool,0xbb67ae85,20,512,384,128,2048,7168,8,384,364,1024,1,11,7.962416,9541478,10687086592,1335885824,58720256,1879048192,58720256,0,7.374679,235.989713,7.374679,0.000000,1517.340106,1745.955140,0x20e2b2dca27f8eed
NVIDIA RTX PRO 6000 Blackwell Server Edition,188,pure,pf128_current_tma_smem,smem_then_rmem,1x128B_current,uniform_hash_scattered_pool,0xbb67ae85,20,512,384,128,2048,7168,8,384,364,1024,1,11,7.958912,9490112,10687086592,1335885824,58720256,1879048192,58720256,58720256,7.377925,236.093604,7.377925,7.377925,1518.008093,1746.723772,0x20e2b2dca27f8eed
NVIDIA RTX PRO 6000 Blackwell Server Edition,188,pure,pf64x2_current_tma_smem,smem_then_rmem,2x64B_current,uniform_hash_scattered_pool,0xbb67ae85,20,512,384,128,2048,7168,8,384,364,1024,1,11,7.960304,9482240,10687086592,1335885824,58720256,1879048192,58720256,58720256,7.376635,236.052308,7.376635,7.376635,1517.742573,1746.418247,0x20e2b2dca27f8eed
NVIDIA RTX PRO 6000 Blackwell Server Edition,188,pure,pf128x2_current_lead1_tma_smem,smem_then_rmem,2x128B_current_lead1,uniform_hash_scattered_pool,0xbb67ae85,20,512,384,128,2048,7168,8,384,364,1024,1,11,7.960336,9479538,10687086592,1335885824,58720256,1879048192,58720256,116916224,7.376605,236.051360,7.376605,14.687347,1517.736482,1746.411237,0x20e2b2dca27f8eed
NVIDIA RTX PRO 6000 Blackwell Server Edition,188,pure,pf64x4_current_lead1_tma_smem,smem_then_rmem,4x64B_current_lead1,uniform_hash_scattered_pool,0xbb67ae85,20,512,384,128,2048,7168,8,384,364,1024,1,11,7.968240,9490570,10687086592,1335885824,58720256,1879048192,58720256,116916224,7.369288,235.817225,7.369288,14.672779,1516.231062,1744.678999,0x20e2b2dca27f8eed
NVIDIA RTX PRO 6000 Blackwell Server Edition,188,pure,pf64x4_current_wait0_lead1_async_tma_smem,smem_then_rmem,4x64B_current_wait0_lead1_async,uniform_hash_scattered_pool,0xbb67ae85,20,512,384,128,2048,7168,8,384,364,1024,1,11,7.978416,9439726,10687086592,1335885824,58720256,1879048192,58720256,116916224,7.359889,235.516448,7.359889,14.654065,1514.297164,1742.453724,0x20e2b2dca27f8eed
NVIDIA RTX PRO 6000 Blackwell Server Edition,188,wdequant,no_pf_direct,rmem,none,uniform_hash_scattered_pool,0xbb67ae85,20,512,384,128,2048,7168,8,384,364,1024,1,11,11.738368,12368506,10687086592,1335885824,58720256,1879048192,1879048192,0,5.002421,160.077464,160.077464,0.000000,1029.248072,1184.323116,0x2ee81700a357e561
NVIDIA RTX PRO 6000 Blackwell Server Edition,188,wdequant,pf128_current_direct,rmem,1x128B_current,uniform_hash_scattered_pool,0xbb67ae85,20,512,384,128,2048,7168,8,384,364,1024,1,11,11.084320,12158435,10687086592,1335885824,58720256,1879048192,1879048192,58720256,5.297597,169.523090,169.523090,5.297597,1089.980495,1254.205988,0x2ee81700a357e561
NVIDIA RTX PRO 6000 Blackwell Server Edition,188,wdequant,pf64x2_current_direct,rmem,2x64B_current,uniform_hash_scattered_pool,0xbb67ae85,20,512,384,128,2048,7168,8,384,364,1024,1,11,10.738239,11751297,10687086592,1335885824,58720256,1879048192,1879048192,58720256,5.468332,174.986619,174.986619,5.468332,1125.109280,1294.627567,0x2ee81700a357e561
NVIDIA RTX PRO 6000 Blackwell Server Edition,188,wdequant,pf128x2_current_lead1_direct,rmem,2x128B_current_lead1,uniform_hash_scattered_pool,0xbb67ae85,20,512,384,128,2048,7168,8,384,364,1024,1,11,10.602385,11645214,10687086592,1335885824,58720256,1879048192,1879048192,116916224,5.538401,177.228828,177.228828,11.027352,1139.525981,1311.216408,0x2ee81700a357e561
NVIDIA RTX PRO 6000 Blackwell Server Edition,188,wdequant,pf64x4_current_lead1_direct,rmem,4x64B_current_lead1,uniform_hash_scattered_pool,0xbb67ae85,20,512,384,128,2048,7168,8,384,364,1024,1,11,10.334672,11302780,10687086592,1335885824,58720256,1879048192,1879048192,116916224,5.681869,181.819819,181.819819,11.313008,1169.044620,1345.182570,0x2ee81700a357e561
NVIDIA RTX PRO 6000 Blackwell Server Edition,188,wdequant,pf64x4_current_wait0_lead1_async_direct,rmem,4x64B_current_wait0_lead1_async,uniform_hash_scattered_pool,0xbb67ae85,20,512,384,128,2048,7168,8,384,364,1024,1,11,10.978912,11642284,10687086592,1335885824,58720256,1879048192,1879048192,116916224,5.348458,171.150669,171.150669,10.649163,1100.445316,1266.247526,0x2ee81700a357e561
NVIDIA RTX PRO 6000 Blackwell Server Edition,188,wdequant,no_pf_tma_smem,smem_then_rmem,none,uniform_hash_scattered_pool,0xbb67ae85,20,512,384,128,2048,7168,8,384,364,1024,1,11,10.825328,12751378,10687086592,1335885824,58720256,1879048192,58720256,0,5.424340,173.578871,5.424340,0.000000,1116.057898,1284.212429,0x2ee81700a357e561
NVIDIA RTX PRO 6000 Blackwell Server Edition,188,wdequant,pf128_current_tma_smem,smem_then_rmem,1x128B_current,uniform_hash_scattered_pool,0xbb67ae85,20,512,384,128,2048,7168,8,384,364,1024,1,11,9.556623,10640367,10687086592,1335885824,58720256,1879048192,58720256,58720256,6.144456,196.622604,6.144456,6.144456,1264.221901,1454.700048,0x2ee81700a357e561
NVIDIA RTX PRO 6000 Blackwell Server Edition,188,wdequant,pf64x2_current_tma_smem,smem_then_rmem,2x64B_current,uniform_hash_scattered_pool,0xbb67ae85,20,512,384,128,2048,7168,8,384,364,1024,1,11,9.494608,10491319,10687086592,1335885824,58720256,1879048192,58720256,58720256,6.184590,197.906876,6.184590,6.184590,1272.479366,1464.201652,0x2ee81700a357e561
NVIDIA RTX PRO 6000 Blackwell Server Edition,188,wdequant,pf128x2_current_lead1_tma_smem,smem_then_rmem,2x128B_current_lead1,uniform_hash_scattered_pool,0xbb67ae85,20,512,384,128,2048,7168,8,384,364,1024,1,11,9.498159,10421008,10687086592,1335885824,58720256,1879048192,58720256,116916224,6.182277,197.832876,6.182277,12.309356,1272.003570,1463.654168,0x2ee81700a357e561
NVIDIA RTX PRO 6000 Blackwell Server Edition,188,wdequant,pf64x4_current_lead1_tma_smem,smem_then_rmem,4x64B_current_lead1,uniform_hash_scattered_pool,0xbb67ae85,20,512,384,128,2048,7168,8,384,364,1024,1,11,9.508495,10340994,10687086592,1335885824,58720256,1879048192,58720256,116916224,6.175557,197.617828,6.175557,12.295975,1270.620877,1462.063147,0x2ee81700a357e561
NVIDIA RTX PRO 6000 Blackwell Server Edition,188,wdequant,pf64x4_current_wait0_lead1_async_tma_smem,smem_then_rmem,4x64B_current_wait0_lead1_async,uniform_hash_scattered_pool,0xbb67ae85,20,512,384,128,2048,7168,8,384,364,1024,1,11,9.163952,9757095,10687086592,1335885824,58720256,1879048192,58720256,116916224,6.407744,205.047802,6.407744,12.758276,1318.393291,1517.033350,0x2ee81700a357e561
NVIDIA RTX PRO 6000 Blackwell Server Edition,188,actcomp,no_pf_direct,rmem,none,uniform_hash_scattered_pool,0xbb67ae85,20,512,384,128,2048,7168,8,384,364,1024,1,11,9.371296,10972258,10687086592,1335885824,58720256,1879048192,1879048192,0,6.265970,200.511029,200.511029,0.000000,1289.223258,1483.468318,0xfef2dd962f8a0ae4
NVIDIA RTX PRO 6000 Blackwell Server Edition,188,actcomp,pf128_current_direct,rmem,1x128B_current,uniform_hash_scattered_pool,0xbb67ae85,20,512,384,128,2048,7168,8,384,364,1024,1,11,9.551664,11602561,10687086592,1335885824,58720256,1879048192,1879048192,58720256,6.147647,196.724688,196.724688,6.147647,1264.878269,1455.455311,0xfef2dd962f8a0ae4
NVIDIA RTX PRO 6000 Blackwell Server Edition,188,actcomp,pf64x2_current_direct,rmem,2x64B_current,uniform_hash_scattered_pool,0xbb67ae85,20,512,384,128,2048,7168,8,384,364,1024,1,11,9.521919,11401070,10687086592,1335885824,58720256,1879048192,1879048192,58720256,6.166851,197.339228,197.339228,6.166851,1268.829566,1460.001943,0xfef2dd962f8a0ae4
NVIDIA RTX PRO 6000 Blackwell Server Edition,188,actcomp,pf128x2_current_lead1_direct,rmem,2x128B_current_lead1,uniform_hash_scattered_pool,0xbb67ae85,20,512,384,128,2048,7168,8,384,364,1024,1,11,9.212512,10933509,10687086592,1335885824,58720256,1879048192,1879048192,116916224,6.373968,203.966973,203.966973,12.691025,1311.443898,1509.036904,0xfef2dd962f8a0ae4
NVIDIA RTX PRO 6000 Blackwell Server Edition,188,actcomp,pf64x4_current_lead1_direct,rmem,4x64B_current_lead1,uniform_hash_scattered_pool,0xbb67ae85,20,512,384,128,2048,7168,8,384,364,1024,1,11,9.156352,10845116,10687086592,1335885824,58720256,1879048192,1879048192,116916224,6.413062,205.217993,205.217993,12.768865,1319.487566,1518.292497,0xfef2dd962f8a0ae4
NVIDIA RTX PRO 6000 Blackwell Server Edition,188,actcomp,pf64x4_current_wait0_lead1_async_direct,rmem,4x64B_current_wait0_lead1_async,uniform_hash_scattered_pool,0xbb67ae85,20,512,384,128,2048,7168,8,384,364,1024,1,11,9.223152,10945979,10687086592,1335885824,58720256,1879048192,1879048192,116916224,6.366615,203.731670,203.731670,12.676385,1309.930972,1507.296027,0xfef2dd962f8a0ae4
NVIDIA RTX PRO 6000 Blackwell Server Edition,188,actcomp,no_pf_tma_smem,smem_then_rmem,none,uniform_hash_scattered_pool,0xbb67ae85,20,512,384,128,2048,7168,8,384,364,1024,1,11,9.258575,10998151,10687086592,1335885824,58720256,1879048192,58720256,0,6.342256,202.952193,6.342256,0.000000,1304.919180,1501.529117,0xfef2dd962f8a0ae4
NVIDIA RTX PRO 6000 Blackwell Server Edition,188,actcomp,pf128_current_tma_smem,smem_then_rmem,1x128B_current,uniform_hash_scattered_pool,0xbb67ae85,20,512,384,128,2048,7168,8,384,364,1024,1,11,9.268896,10932518,10687086592,1335885824,58720256,1879048192,58720256,58720256,6.335194,202.726212,6.335194,6.335194,1303.466188,1499.857206,0xfef2dd962f8a0ae4
NVIDIA RTX PRO 6000 Blackwell Server Edition,188,actcomp,pf64x2_current_tma_smem,smem_then_rmem,2x64B_current,uniform_hash_scattered_pool,0xbb67ae85,20,512,384,128,2048,7168,8,384,364,1024,1,11,9.252448,10906321,10687086592,1335885824,58720256,1879048192,58720256,58720256,6.346456,203.086597,6.346456,6.346456,1305.783352,1502.523493,0xfef2dd962f8a0ae4
NVIDIA RTX PRO 6000 Blackwell Server Edition,188,actcomp,pf128x2_current_lead1_tma_smem,smem_then_rmem,2x128B_current_lead1,uniform_hash_scattered_pool,0xbb67ae85,20,512,384,128,2048,7168,8,384,364,1024,1,11,9.210352,10809220,10687086592,1335885824,58720256,1879048192,58720256,116916224,6.375463,204.014809,6.375463,12.694002,1311.751467,1509.390813,0xfef2dd962f8a0ae4
NVIDIA RTX PRO 6000 Blackwell Server Edition,188,actcomp,pf64x4_current_lead1_tma_smem,smem_then_rmem,4x64B_current_lead1,uniform_hash_scattered_pool,0xbb67ae85,20,512,384,128,2048,7168,8,384,364,1024,1,11,9.237904,10831257,10687086592,1335885824,58720256,1879048192,58720256,116916224,6.356448,203.406344,6.356448,12.656142,1307.839224,1504.889120,0xfef2dd962f8a0ae4
NVIDIA RTX PRO 6000 Blackwell Server Edition,188,actcomp,pf64x4_current_wait0_lead1_async_tma_smem,smem_then_rmem,4x64B_current_wait0_lead1_async,uniform_hash_scattered_pool,0xbb67ae85,20,512,384,128,2048,7168,8,384,364,1024,1,11,8.817265,10265480,10687086592,1335885824,58720256,1879048192,58720256,116916224,6.659691,213.110107,6.659691,13.259920,1370.231390,1576.681806,0xfef2dd962f8a0ae4
NVIDIA RTX PRO 6000 Blackwell Server Edition,188,pure,no_pf_direct,rmem,none,uniform_hash_scattered_pool,0x3c6ef372,20,512,384,128,2048,7168,8,384,360,1024,1,9,7.840000,9199216,10569646080,1321205760,58720256,1879048192,1879048192,0,7.489828,239.674510,239.674510,0.000000,1524.180085,1756.364766,0xbd3b30415de8ace8
NVIDIA RTX PRO 6000 Blackwell Server Edition,188,pure,pf128_current_direct,rmem,1x128B_current,uniform_hash_scattered_pool,0x3c6ef372,20,512,384,128,2048,7168,8,384,360,1024,1,9,7.887600,9289405,10569646080,1321205760,58720256,1879048192,1879048192,58720256,7.444629,238.228131,238.228131,7.444629,1514.982020,1745.765522,0xbd3b30415de8ace8
NVIDIA RTX PRO 6000 Blackwell Server Edition,188,pure,pf64x2_current_direct,rmem,2x64B_current,uniform_hash_scattered_pool,0x3c6ef372,20,512,384,128,2048,7168,8,384,360,1024,1,9,7.879488,9278950,10569646080,1321205760,58720256,1879048192,1879048192,58720256,7.452293,238.473387,238.473387,7.452293,1516.541698,1747.562792,0xbd3b30415de8ace8
NVIDIA RTX PRO 6000 Blackwell Server Edition,188,pure,pf128x2_current_lead1_direct,rmem,2x128B_current_lead1,uniform_hash_scattered_pool,0x3c6ef372,20,512,384,128,2048,7168,8,384,360,1024,1,9,7.886624,9259941,10569646080,1321205760,58720256,1879048192,1879048192,116916224,7.445550,238.257601,238.257601,14.824622,1515.169429,1745.981480,0xbd3b30415de8ace8
NVIDIA RTX PRO 6000 Blackwell Server Edition,188,pure,pf64x4_current_lead1_direct,rmem,4x64B_current_lead1,uniform_hash_scattered_pool,0x3c6ef372,20,512,384,128,2048,7168,8,384,360,1024,1,9,7.879744,9238574,10569646080,1321205760,58720256,1879048192,1879048192,116916224,7.452051,238.465638,238.465638,14.837566,1516.492416,1747.506003,0xbd3b30415de8ace8
NVIDIA RTX PRO 6000 Blackwell Server Edition,188,pure,pf64x4_current_wait0_lead1_async_direct,rmem,4x64B_current_wait0_lead1_async,uniform_hash_scattered_pool,0x3c6ef372,20,512,384,128,2048,7168,8,384,360,1024,1,9,7.896512,9254384,10569646080,1321205760,58720256,1879048192,1879048192,116916224,7.436227,237.959264,237.959264,14.806059,1513.272195,1743.795232,0xbd3b30415de8ace8
NVIDIA RTX PRO 6000 Blackwell Server Edition,188,pure,no_pf_tma_smem,smem_then_rmem,none,uniform_hash_scattered_pool,0x3c6ef372,20,512,384,128,2048,7168,8,384,360,1024,1,9,7.900992,9525375,10569646080,1321205760,58720256,1879048192,58720256,0,7.432010,237.824326,7.432010,0.000000,1512.414074,1742.806390,0xbd3b30415de8ace8
NVIDIA RTX PRO 6000 Blackwell Server Edition,188,pure,pf128_current_tma_smem,smem_then_rmem,1x128B_current,uniform_hash_scattered_pool,0x3c6ef372,20,512,384,128,2048,7168,8,384,360,1024,1,9,7.900016,9443939,10569646080,1321205760,58720256,1879048192,58720256,58720256,7.432929,237.853725,7.432929,7.432929,1512.601032,1743.021828,0xbd3b30415de8ace8
NVIDIA RTX PRO 6000 Blackwell Server Edition,188,pure,pf64x2_current_tma_smem,smem_then_rmem,2x64B_current,uniform_hash_scattered_pool,0x3c6ef372,20,512,384,128,2048,7168,8,384,360,1024,1,9,7.911200,9437273,10569646080,1321205760,58720256,1879048192,58720256,58720256,7.422421,237.517466,7.422421,7.422421,1510.462639,1740.557684,0xbd3b30415de8ace8
NVIDIA RTX PRO 6000 Blackwell Server Edition,188,pure,pf128x2_current_lead1_tma_smem,smem_then_rmem,2x128B_current_lead1,uniform_hash_scattered_pool,0x3c6ef372,20,512,384,128,2048,7168,8,384,360,1024,1,9,7.901152,9451914,10569646080,1321205760,58720256,1879048192,58720256,116916224,7.431860,237.819518,7.431860,14.797364,1512.383497,1742.771155,0xbd3b30415de8ace8
NVIDIA RTX PRO 6000 Blackwell Server Edition,188,pure,pf64x4_current_lead1_tma_smem,smem_then_rmem,4x64B_current_lead1,uniform_hash_scattered_pool,0x3c6ef372,20,512,384,128,2048,7168,8,384,360,1024,1,9,7.920448,9444916,10569646080,1321205760,58720256,1879048192,58720256,116916224,7.413754,237.240131,7.413754,14.761314,1508.698957,1738.525334,0xbd3b30415de8ace8
NVIDIA RTX PRO 6000 Blackwell Server Edition,188,pure,pf64x4_current_wait0_lead1_async_tma_smem,smem_then_rmem,4x64B_current_wait0_lead1_async,uniform_hash_scattered_pool,0x3c6ef372,20,512,384,128,2048,7168,8,384,360,1024,1,9,7.912704,9352971,10569646080,1321205760,58720256,1879048192,58720256,116916224,7.421010,237.472322,7.421010,14.775761,1510.175549,1740.226861,0xbd3b30415de8ace8
NVIDIA RTX PRO 6000 Blackwell Server Edition,188,wdequant,no_pf_direct,rmem,none,uniform_hash_scattered_pool,0x3c6ef372,20,512,384,128,2048,7168,8,384,360,1024,1,9,11.680592,12313665,10569646080,1321205760,58720256,1879048192,1879048192,0,5.027165,160.869266,160.869266,0.000000,1023.027987,1178.870088,0x721d04fe0d78eb0e
NVIDIA RTX PRO 6000 Blackwell Server Edition,188,wdequant,pf128_current_direct,rmem,1x128B_current,uniform_hash_scattered_pool,0x3c6ef372,20,512,384,128,2048,7168,8,384,360,1024,1,9,11.003008,12191592,10569646080,1321205760,58720256,1879048192,1879048192,58720256,5.336746,170.775865,170.775865,5.336746,1086.027768,1251.466887,0x721d04fe0d78eb0e
NVIDIA RTX PRO 6000 Blackwell Server Edition,188,wdequant,pf64x2_current_direct,rmem,2x64B_current,uniform_hash_scattered_pool,0x3c6ef372,20,512,384,128,2048,7168,8,384,360,1024,1,9,10.685504,11812667,10569646080,1321205760,58720256,1879048192,1879048192,58720256,5.495319,175.850217,175.850217,5.495319,1118.297475,1288.652373,0x721d04fe0d78eb0e
NVIDIA RTX PRO 6000 Blackwell Server Edition,188,wdequant,pf128x2_current_lead1_direct,rmem,2x128B_current_lead1,uniform_hash_scattered_pool,0x3c6ef372,20,512,384,128,2048,7168,8,384,360,1024,1,9,10.551825,11714764,10569646080,1321205760,58720256,1879048192,1879048192,116916224,5.564939,178.078036,178.078036,11.080190,1132.465008,1304.978105,0x721d04fe0d78eb0e
NVIDIA RTX PRO 6000 Blackwell Server Edition,188,wdequant,pf64x4_current_lead1_direct,rmem,4x64B_current_lead1,uniform_hash_scattered_pool,0x3c6ef372,20,512,384,128,2048,7168,8,384,360,1024,1,9,10.263856,11383665,10569646080,1321205760,58720256,1879048192,1879048192,116916224,5.721072,183.074295,183.074295,11.391062,1164.238097,1341.591320,0x721d04fe0d78eb0e
NVIDIA RTX PRO 6000 Blackwell Server Edition,188,wdequant,pf64x4_current_wait0_lead1_async_direct,rmem,4x64B_current_wait0_lead1_async,uniform_hash_scattered_pool,0x3c6ef372,20,512,384,128,2048,7168,8,384,360,1024,1,9,10.925824,11618146,10569646080,1321205760,58720256,1879048192,1879048192,116916224,5.374446,171.982284,171.982284,10.700907,1093.699836,1260.307673,0x721d04fe0d78eb0e
NVIDIA RTX PRO 6000 Blackwell Server Edition,188,wdequant,no_pf_tma_smem,smem_then_rmem,none,uniform_hash_scattered_pool,0x3c6ef372,20,512,384,128,2048,7168,8,384,360,1024,1,9,10.747313,12750670,10569646080,1321205760,58720256,1879048192,58720256,0,5.463715,174.838890,5.463715,0.000000,1111.866064,1281.241238,0x721d04fe0d78eb0e
NVIDIA RTX PRO 6000 Blackwell Server Edition,188,wdequant,pf128_current_tma_smem,smem_then_rmem,1x128B_current,uniform_hash_scattered_pool,0x3c6ef372,20,512,384,128,2048,7168,8,384,360,1024,1,9,9.521872,10729001,10569646080,1321205760,58720256,1879048192,58720256,58720256,6.166882,197.340216,6.166882,6.166882,1254.960436,1446.133771,0x721d04fe0d78eb0e
NVIDIA RTX PRO 6000 Blackwell Server Edition,188,wdequant,pf64x2_current_tma_smem,smem_then_rmem,2x64B_current,uniform_hash_scattered_pool,0x3c6ef372,20,512,384,128,2048,7168,8,384,360,1024,1,9,9.468544,10596880,10569646080,1321205760,58720256,1879048192,58720256,58720256,6.201614,198.451651,6.201614,6.201614,1262.028469,1454.278506,0x721d04fe0d78eb0e
NVIDIA RTX PRO 6000 Blackwell Server Edition,188,wdequant,pf128x2_current_lead1_tma_smem,smem_then_rmem,2x128B_current_lead1,uniform_hash_scattered_pool,0x3c6ef372,20,512,384,128,2048,7168,8,384,360,1024,1,9,9.481680,10520786,10569646080,1321205760,58720256,1879048192,58720256,116916224,6.193022,198.176716,6.193022,12.330750,1260.280056,1452.263750,0x721d04fe0d78eb0e
NVIDIA RTX PRO 6000 Blackwell Server Edition,188,wdequant,pf64x4_current_lead1_tma_smem,smem_then_rmem,4x64B_current_lead1,uniform_hash_scattered_pool,0x3c6ef372,20,512,384,128,2048,7168,8,384,360,1024,1,9,9.488913,10446580,10569646080,1321205760,58720256,1879048192,58720256,116916224,6.188302,198.025662,6.188302,12.321351,1259.319442,1451.156801,0x721d04fe0d78eb0e
NVIDIA RTX PRO 6000 Blackwell Server Edition,188,wdequant,pf64x4_current_wait0_lead1_async_tma_smem,smem_then_rmem,4x64B_current_wait0_lead1_async,uniform_hash_scattered_pool,0x3c6ef372,20,512,384,128,2048,7168,8,384,360,1024,1,9,9.106160,9770602,10569646080,1321205760,58720256,1879048192,58720256,116916224,6.448410,206.349126,6.448410,12.839245,1312.251474,1512.152190,0x721d04fe0d78eb0e
NVIDIA RTX PRO 6000 Blackwell Server Edition,188,actcomp,no_pf_direct,rmem,none,uniform_hash_scattered_pool,0x3c6ef372,20,512,384,128,2048,7168,8,384,360,1024,1,9,9.336880,10952010,10569646080,1321205760,58720256,1879048192,1879048192,0,6.289066,201.250123,201.250123,0.000000,1279.824999,1474.786056,0x4a10a9dde6fd8970
NVIDIA RTX PRO 6000 Blackwell Server Edition,188,actcomp,pf128_current_direct,rmem,1x128B_current,uniform_hash_scattered_pool,0x3c6ef372,20,512,384,128,2048,7168,8,384,360,1024,1,9,9.492064,11649499,10569646080,1321205760,58720256,1879048192,1879048192,58720256,6.186248,197.959926,197.959926,6.186248,1258.901404,1450.675082,0x4a10a9dde6fd8970
NVIDIA RTX PRO 6000 Blackwell Server Edition,188,actcomp,pf64x2_current_direct,rmem,2x64B_current,uniform_hash_scattered_pool,0x3c6ef372,20,512,384,128,2048,7168,8,384,360,1024,1,9,9.454048,11498489,10569646080,1321205760,58720256,1879048192,1879048192,58720256,6.211123,198.755936,198.755936,6.211123,1263.963532,1456.508345,0x4a10a9dde6fd8970
NVIDIA RTX PRO 6000 Blackwell Server Edition,188,actcomp,pf128x2_current_lead1_direct,rmem,2x128B_current_lead1,uniform_hash_scattered_pool,0x3c6ef372,20,512,384,128,2048,7168,8,384,360,1024,1,9,9.143920,10916177,10569646080,1321205760,58720256,1879048192,1879048192,116916224,6.421782,205.497008,205.497008,12.786226,1306.832537,1505.907763,0x4a10a9dde6fd8970
NVIDIA RTX PRO 6000 Blackwell Server Edition,188,actcomp,pf64x4_current_lead1_direct,rmem,4x64B_current_lead1,uniform_hash_scattered_pool,0x3c6ef372,20,512,384,128,2048,7168,8,384,360,1024,1,9,9.089728,10820082,10569646080,1321205760,58720256,1879048192,1879048192,116916224,6.460067,206.722150,206.722150,12.862455,1314.623675,1514.885758,0x4a10a9dde6fd8970
NVIDIA RTX PRO 6000 Blackwell Server Edition,188,actcomp,pf64x4_current_wait0_lead1_async_direct,rmem,4x64B_current_wait0_lead1_async,uniform_hash_scattered_pool,0x3c6ef372,20,512,384,128,2048,7168,8,384,360,1024,1,9,9.144464,10886399,10569646080,1321205760,58720256,1879048192,1879048192,116916224,6.421399,205.484771,205.484771,12.785464,1306.754715,1505.818087,0x4a10a9dde6fd8970
NVIDIA RTX PRO 6000 Blackwell Server Edition,188,actcomp,no_pf_tma_smem,smem_then_rmem,none,uniform_hash_scattered_pool,0x3c6ef372,20,512,384,128,2048,7168,8,384,360,1024,1,9,9.210448,11075392,10569646080,1321205760,58720256,1879048192,58720256,0,6.375396,204.012675,6.375396,0.000000,1297.393107,1495.030387,0x4a10a9dde6fd8970
NVIDIA RTX PRO 6000 Blackwell Server Edition,188,actcomp,pf128_current_tma_smem,smem_then_rmem,1x128B_current,uniform_hash_scattered_pool,0x3c6ef372,20,512,384,128,2048,7168,8,384,360,1024,1,9,9.200864,10929783,10569646080,1321205760,58720256,1879048192,58720256,58720256,6.382037,204.225193,6.382037,6.382037,1298.744586,1496.587742,0x4a10a9dde6fd8970
NVIDIA RTX PRO 6000 Blackwell Server Edition,188,actcomp,pf64x2_current_tma_smem,smem_then_rmem,2x64B_current,uniform_hash_scattered_pool,0x3c6ef372,20,512,384,128,2048,7168,8,384,360,1024,1,9,9.168447,10860066,10569646080,1321205760,58720256,1879048192,58720256,58720256,6.404602,204.947260,6.404602,6.404602,1303.336481,1501.879139,0x4a10a9dde6fd8970
NVIDIA RTX PRO 6000 Blackwell Server Edition,188,actcomp,pf128x2_current_lead1_tma_smem,smem_then_rmem,2x128B_current_lead1,uniform_hash_scattered_pool,0x3c6ef372,20,512,384,128,2048,7168,8,384,360,1024,1,9,9.138640,10794584,10569646080,1321205760,58720256,1879048192,58720256,116916224,6.425491,205.615727,6.425491,12.793612,1307.587515,1506.777751,0x4a10a9dde6fd8970
NVIDIA RTX PRO 6000 Blackwell Server Edition,188,actcomp,pf64x4_current_lead1_tma_smem,smem_then_rmem,4x64B_current_lead1,uniform_hash_scattered_pool,0x3c6ef372,20,512,384,128,2048,7168,8,384,360,1024,1,9,9.155216,10796582,10569646080,1321205760,58720256,1879048192,58720256,116916224,6.413858,205.243453,6.413858,12.770449,1305.220086,1504.049681,0x4a10a9dde6fd8970
NVIDIA RTX PRO 6000 Blackwell Server Edition,188,actcomp,pf64x4_current_wait0_lead1_async_tma_smem,smem_then_rmem,4x64B_current_wait0_lead1_async,uniform_hash_scattered_pool,0x3c6ef372,20,512,384,128,2048,7168,8,384,360,1024,1,9,8.769953,10256739,10569646080,1321205760,58720256,1879048192,58720256,116916224,6.695618,214.259785,6.695618,13.331454,1362.558317,1570.122484,0x4a10a9dde6fd8970
